particle_count,dataset_id,domain_side,coverage,radius,strategy,bounding_volume_checks,primitive_checks,tree_height,total_aabb_area
25,0,39.633272976060105,0.05,1.0,top_down,44,2,,
25,0,39.633272976060105,0.05,1.0,bottom_up,31,2,,
25,0,39.633272976060105,0.05,1.0,incremental,38,2,,
25,1,39.633272976060105,0.05,1.0,top_down,53,3,,
25,1,39.633272976060105,0.05,1.0,bottom_up,16,3,,
25,1,39.633272976060105,0.05,1.0,incremental,16,3,,
25,2,39.633272976060105,0.05,1.0,top_down,43,3,,
25,2,39.633272976060105,0.05,1.0,bottom_up,30,3,,
25,2,39.633272976060105,0.05,1.0,incremental,20,3,,
25,3,39.633272976060105,0.05,1.0,top_down,36,2,,
25,3,39.633272976060105,0.05,1.0,bottom_up,33,2,,
25,3,39.633272976060105,0.05,1.0,incremental,22,2,,
25,4,39.633272976060105,0.05,1.0,top_down,36,2,,
25,4,39.633272976060105,0.05,1.0,bottom_up,16,2,,
25,4,39.633272976060105,0.05,1.0,incremental,14,2,,
25,5,39.633272976060105,0.05,1.0,top_down,55,4,,
25,5,39.633272976060105,0.05,1.0,bottom_up,26,4,,
25,5,39.633272976060105,0.05,1.0,incremental,26,4,,
25,6,39.633272976060105,0.05,1.0,top_down,29,2,,
25,6,39.633272976060105,0.05,1.0,bottom_up,20,2,,
25,6,39.633272976060105,0.05,1.0,incremental,29,2,,
25,7,39.633272976060105,0.05,1.0,top_down,44,5,,
25,7,39.633272976060105,0.05,1.0,bottom_up,23,5,,
25,7,39.633272976060105,0.05,1.0,incremental,20,5,,
25,8,39.633272976060105,0.05,1.0,top_down,21,3,,
25,8,39.633272976060105,0.05,1.0,bottom_up,17,3,,
25,8,39.633272976060105,0.05,1.0,incremental,14,3,,
25,9,39.633272976060105,0.05,1.0,top_down,32,3,,
25,9,39.633272976060105,0.05,1.0,bottom_up,20,3,,
25,9,39.633272976060105,0.05,1.0,incremental,18,3,,
25,10,39.633272976060105,0.05,1.0,top_down,32,1,,
25,10,39.633272976060105,0.05,1.0,bottom_up,22,1,,
25,10,39.633272976060105,0.05,1.0,incremental,16,1,,
25,11,39.633272976060105,0.05,1.0,top_down,37,2,,
25,11,39.633272976060105,0.05,1.0,bottom_up,21,2,,
25,11,39.633272976060105,0.05,1.0,incremental,15,2,,
25,12,39.633272976060105,0.05,1.0,top_down,40,5,,
25,12,39.633272976060105,0.05,1.0,bottom_up,14,5,,
25,12,39.633272976060105,0.05,1.0,incremental,18,5,,
25,13,39.633272976060105,0.05,1.0,top_down,39,2,,
25,13,39.633272976060105,0.05,1.0,bottom_up,12,2,,
25,13,39.633272976060105,0.05,1.0,incremental,15,2,,
25,14,39.633272976060105,0.05,1.0,top_down,33,9,,
25,14,39.633272976060105,0.05,1.0,bottom_up,24,9,,
25,14,39.633272976060105,0.05,1.0,incremental,16,9,,
25,15,39.633272976060105,0.05,1.0,top_down,37,7,,
25,15,39.633272976060105,0.05,1.0,bottom_up,27,7,,
25,15,39.633272976060105,0.05,1.0,incremental,26,7,,
25,16,39.633272976060105,0.05,1.0,top_down,33,3,,
25,16,39.633272976060105,0.05,1.0,bottom_up,17,3,,
25,16,39.633272976060105,0.05,1.0,incremental,21,3,,
25,17,39.633272976060105,0.05,1.0,top_down,23,1,,
25,17,39.633272976060105,0.05,1.0,bottom_up,17,1,,
25,17,39.633272976060105,0.05,1.0,incremental,36,1,,
25,18,39.633272976060105,0.05,1.0,top_down,30,8,,
25,18,39.633272976060105,0.05,1.0,bottom_up,28,8,,
25,18,39.633272976060105,0.05,1.0,incremental,33,8,,
25,19,39.633272976060105,0.05,1.0,top_down,39,3,,
25,19,39.633272976060105,0.05,1.0,bottom_up,12,3,,
25,19,39.633272976060105,0.05,1.0,incremental,28,3,,
25,20,39.633272976060105,0.05,1.0,top_down,25,2,,
25,20,39.633272976060105,0.05,1.0,bottom_up,18,2,,
25,20,39.633272976060105,0.05,1.0,incremental,23,2,,
25,21,39.633272976060105,0.05,1.0,top_down,18,3,,
25,21,39.633272976060105,0.05,1.0,bottom_up,19,3,,
25,21,39.633272976060105,0.05,1.0,incremental,15,3,,
25,22,39.633272976060105,0.05,1.0,top_down,15,1,,
25,22,39.633272976060105,0.05,1.0,bottom_up,22,1,,
25,22,39.633272976060105,0.05,1.0,incremental,26,1,,
25,23,39.633272976060105,0.05,1.0,top_down,40,8,,
25,23,39.633272976060105,0.05,1.0,bottom_up,27,8,,
25,23,39.633272976060105,0.05,1.0,incremental,33,8,,
25,24,39.633272976060105,0.05,1.0,top_down,40,4,,
25,24,39.633272976060105,0.05,1.0,bottom_up,35,4,,
25,24,39.633272976060105,0.05,1.0,incremental,27,4,,
25,25,39.633272976060105,0.05,1.0,top_down,31,3,,
25,25,39.633272976060105,0.05,1.0,bottom_up,21,3,,
25,25,39.633272976060105,0.05,1.0,incremental,19,3,,
25,26,39.633272976060105,0.05,1.0,top_down,44,2,,
25,26,39.633272976060105,0.05,1.0,bottom_up,28,2,,
25,26,39.633272976060105,0.05,1.0,incremental,32,2,,
25,27,39.633272976060105,0.05,1.0,top_down,45,3,,
25,27,39.633272976060105,0.05,1.0,bottom_up,30,3,,
25,27,39.633272976060105,0.05,1.0,incremental,14,3,,
25,28,39.633272976060105,0.05,1.0,top_down,25,5,,
25,28,39.633272976060105,0.05,1.0,bottom_up,15,5,,
25,28,39.633272976060105,0.05,1.0,incremental,17,5,,
25,29,39.633272976060105,0.05,1.0,top_down,35,3,,
25,29,39.633272976060105,0.05,1.0,bottom_up,34,3,,
25,29,39.633272976060105,0.05,1.0,incremental,15,3,,
25,30,39.633272976060105,0.05,1.0,top_down,39,3,,
25,30,39.633272976060105,0.05,1.0,bottom_up,25,3,,
25,30,39.633272976060105,0.05,1.0,incremental,39,3,,
25,31,39.633272976060105,0.05,1.0,top_down,30,5,,
25,31,39.633272976060105,0.05,1.0,bottom_up,22,5,,
25,31,39.633272976060105,0.05,1.0,incremental,27,5,,
25,32,39.633272976060105,0.05,1.0,top_down,25,2,,
25,32,39.633272976060105,0.05,1.0,bottom_up,17,2,,
25,32,39.633272976060105,0.05,1.0,incremental,30,2,,
25,33,39.633272976060105,0.05,1.0,top_down,30,4,,
25,33,39.633272976060105,0.05,1.0,bottom_up,29,4,,
25,33,39.633272976060105,0.05,1.0,incremental,34,4,,
25,34,39.633272976060105,0.05,1.0,top_down,19,5,,
25,34,39.633272976060105,0.05,1.0,bottom_up,22,5,,
25,34,39.633272976060105,0.05,1.0,incremental,18,5,,
25,35,39.633272976060105,0.05,1.0,top_down,47,4,,
25,35,39.633272976060105,0.05,1.0,bottom_up,23,4,,
25,35,39.633272976060105,0.05,1.0,incremental,21,4,,
25,36,39.633272976060105,0.05,1.0,top_down,22,5,,
25,36,39.633272976060105,0.05,1.0,bottom_up,26,5,,
25,36,39.633272976060105,0.05,1.0,incremental,19,5,,
25,37,39.633272976060105,0.05,1.0,top_down,32,2,,
25,37,39.633272976060105,0.05,1.0,bottom_up,19,2,,
25,37,39.633272976060105,0.05,1.0,incremental,23,2,,
25,38,39.633272976060105,0.05,1.0,top_down,43,3,,
25,38,39.633272976060105,0.05,1.0,bottom_up,22,3,,
25,38,39.633272976060105,0.05,1.0,incremental,22,3,,
25,39,39.633272976060105,0.05,1.0,top_down,33,7,,
25,39,39.633272976060105,0.05,1.0,bottom_up,22,7,,
25,39,39.633272976060105,0.05,1.0,incremental,34,7,,
25,40,39.633272976060105,0.05,1.0,top_down,39,3,,
25,40,39.633272976060105,0.05,1.0,bottom_up,21,3,,
25,40,39.633272976060105,0.05,1.0,incremental,15,3,,
25,41,39.633272976060105,0.05,1.0,top_down,44,1,,
25,41,39.633272976060105,0.05,1.0,bottom_up,21,1,,
25,41,39.633272976060105,0.05,1.0,incremental,29,1,,
25,42,39.633272976060105,0.05,1.0,top_down,50,5,,
25,42,39.633272976060105,0.05,1.0,bottom_up,25,5,,
25,42,39.633272976060105,0.05,1.0,incremental,22,5,,
25,43,39.633272976060105,0.05,1.0,top_down,33,4,,
25,43,39.633272976060105,0.05,1.0,bottom_up,23,4,,
25,43,39.633272976060105,0.05,1.0,incremental,28,4,,
25,44,39.633272976060105,0.05,1.0,top_down,29,3,,
25,44,39.633272976060105,0.05,1.0,bottom_up,22,3,,
25,44,39.633272976060105,0.05,1.0,incremental,14,3,,
25,45,39.633272976060105,0.05,1.0,top_down,40,3,,
25,45,39.633272976060105,0.05,1.0,bottom_up,23,3,,
25,45,39.633272976060105,0.05,1.0,incremental,16,3,,
25,46,39.633272976060105,0.05,1.0,top_down,58,4,,
25,46,39.633272976060105,0.05,1.0,bottom_up,26,4,,
25,46,39.633272976060105,0.05,1.0,incremental,27,4,,
25,47,39.633272976060105,0.05,1.0,top_down,47,3,,
25,47,39.633272976060105,0.05,1.0,bottom_up,28,3,,
25,47,39.633272976060105,0.05,1.0,incremental,36,3,,
25,48,39.633272976060105,0.05,1.0,top_down,36,3,,
25,48,39.633272976060105,0.05,1.0,bottom_up,22,3,,
25,48,39.633272976060105,0.05,1.0,incremental,46,3,,
25,49,39.633272976060105,0.05,1.0,top_down,37,2,,
25,49,39.633272976060105,0.05,1.0,bottom_up,19,2,,
25,49,39.633272976060105,0.05,1.0,incremental,25,2,,
50,0,56.049912163979286,0.05,1.0,top_down,68,7,,
50,0,56.049912163979286,0.05,1.0,bottom_up,56,7,,
50,0,56.049912163979286,0.05,1.0,incremental,42,7,,
50,1,56.049912163979286,0.05,1.0,top_down,83,4,,
50,1,56.049912163979286,0.05,1.0,bottom_up,65,4,,
50,1,56.049912163979286,0.05,1.0,incremental,63,4,,
50,2,56.049912163979286,0.05,1.0,top_down,96,5,,
50,2,56.049912163979286,0.05,1.0,bottom_up,76,5,,
50,2,56.049912163979286,0.05,1.0,incremental,55,5,,
50,3,56.049912163979286,0.05,1.0,top_down,92,7,,
50,3,56.049912163979286,0.05,1.0,bottom_up,58,7,,
50,3,56.049912163979286,0.05,1.0,incremental,39,7,,
50,4,56.049912163979286,0.05,1.0,top_down,101,6,,
50,4,56.049912163979286,0.05,1.0,bottom_up,73,6,,
50,4,56.049912163979286,0.05,1.0,incremental,42,6,,
50,5,56.049912163979286,0.05,1.0,top_down,122,9,,
50,5,56.049912163979286,0.05,1.0,bottom_up,67,9,,
50,5,56.049912163979286,0.05,1.0,incremental,39,9,,
50,6,56.049912163979286,0.05,1.0,top_down,63,6,,
50,6,56.049912163979286,0.05,1.0,bottom_up,44,6,,
50,6,56.049912163979286,0.05,1.0,incremental,49,6,,
50,7,56.049912163979286,0.05,1.0,top_down,77,8,,
50,7,56.049912163979286,0.05,1.0,bottom_up,54,8,,
50,7,56.049912163979286,0.05,1.0,incremental,50,8,,
50,8,56.049912163979286,0.05,1.0,top_down,83,9,,
50,8,56.049912163979286,0.05,1.0,bottom_up,54,9,,
50,8,56.049912163979286,0.05,1.0,incremental,57,9,,
50,9,56.049912163979286,0.05,1.0,top_down,109,13,,
50,9,56.049912163979286,0.05,1.0,bottom_up,46,13,,
50,9,56.049912163979286,0.05,1.0,incremental,65,13,,
50,10,56.049912163979286,0.05,1.0,top_down,78,6,,
50,10,56.049912163979286,0.05,1.0,bottom_up,50,6,,
50,10,56.049912163979286,0.05,1.0,incremental,37,6,,
50,11,56.049912163979286,0.05,1.0,top_down,127,10,,
50,11,56.049912163979286,0.05,1.0,bottom_up,50,10,,
50,11,56.049912163979286,0.05,1.0,incremental,71,10,,
50,12,56.049912163979286,0.05,1.0,top_down,69,14,,
50,12,56.049912163979286,0.05,1.0,bottom_up,60,14,,
50,12,56.049912163979286,0.05,1.0,incremental,83,14,,
50,13,56.049912163979286,0.05,1.0,top_down,86,6,,
50,13,56.049912163979286,0.05,1.0,bottom_up,57,6,,
50,13,56.049912163979286,0.05,1.0,incremental,56,6,,
50,14,56.049912163979286,0.05,1.0,top_down,86,5,,
50,14,56.049912163979286,0.05,1.0,bottom_up,56,5,,
50,14,56.049912163979286,0.05,1.0,incremental,55,5,,
50,15,56.049912163979286,0.05,1.0,top_down,82,1,,
50,15,56.049912163979286,0.05,1.0,bottom_up,78,1,,
50,15,56.049912163979286,0.05,1.0,incremental,52,1,,
50,16,56.049912163979286,0.05,1.0,top_down,79,5,,
50,16,56.049912163979286,0.05,1.0,bottom_up,63,5,,
50,16,56.049912163979286,0.05,1.0,incremental,84,5,,
50,17,56.049912163979286,0.05,1.0,top_down,103,7,,
50,17,56.049912163979286,0.05,1.0,bottom_up,48,7,,
50,17,56.049912163979286,0.05,1.0,incremental,72,7,,
50,18,56.049912163979286,0.05,1.0,top_down,99,6,,
50,18,56.049912163979286,0.05,1.0,bottom_up,56,6,,
50,18,56.049912163979286,0.05,1.0,incremental,62,6,,
50,19,56.049912163979286,0.05,1.0,top_down,82,7,,
50,19,56.049912163979286,0.05,1.0,bottom_up,61,7,,
50,19,56.049912163979286,0.05,1.0,incremental,43,7,,
50,20,56.049912163979286,0.05,1.0,top_down,80,10,,
50,20,56.049912163979286,0.05,1.0,bottom_up,49,10,,
50,20,56.049912163979286,0.05,1.0,incremental,42,10,,
50,21,56.049912163979286,0.05,1.0,top_down,85,7,,
50,21,56.049912163979286,0.05,1.0,bottom_up,54,7,,
50,21,56.049912163979286,0.05,1.0,incremental,71,7,,
50,22,56.049912163979286,0.05,1.0,top_down,93,8,,
50,22,56.049912163979286,0.05,1.0,bottom_up,44,8,,
50,22,56.049912163979286,0.05,1.0,incremental,48,8,,
50,23,56.049912163979286,0.05,1.0,top_down,95,6,,
50,23,56.049912163979286,0.05,1.0,bottom_up,57,6,,
50,23,56.049912163979286,0.05,1.0,incremental,55,6,,
50,24,56.049912163979286,0.05,1.0,top_down,85,5,,
50,24,56.049912163979286,0.05,1.0,bottom_up,47,5,,
50,24,56.049912163979286,0.05,1.0,incremental,69,5,,
50,25,56.049912163979286,0.05,1.0,top_down,82,4,,
50,25,56.049912163979286,0.05,1.0,bottom_up,53,4,,
50,25,56.049912163979286,0.05,1.0,incremental,57,4,,
50,26,56.049912163979286,0.05,1.0,top_down,85,7,,
50,26,56.049912163979286,0.05,1.0,bottom_up,50,7,,
50,26,56.049912163979286,0.05,1.0,incremental,40,7,,
50,27,56.049912163979286,0.05,1.0,top_down,65,8,,
50,27,56.049912163979286,0.05,1.0,bottom_up,41,8,,
50,27,56.049912163979286,0.05,1.0,incremental,55,8,,
50,28,56.049912163979286,0.05,1.0,top_down,110,10,,
50,28,56.049912163979286,0.05,1.0,bottom_up,35,10,,
50,28,56.049912163979286,0.05,1.0,incremental,32,10,,
50,29,56.049912163979286,0.05,1.0,top_down,107,2,,
50,29,56.049912163979286,0.05,1.0,bottom_up,45,2,,
50,29,56.049912163979286,0.05,1.0,incremental,54,2,,
50,30,56.049912163979286,0.05,1.0,top_down,104,9,,
50,30,56.049912163979286,0.05,1.0,bottom_up,62,9,,
50,30,56.049912163979286,0.05,1.0,incremental,51,9,,
50,31,56.049912163979286,0.05,1.0,top_down,67,8,,
50,31,56.049912163979286,0.05,1.0,bottom_up,40,8,,
50,31,56.049912163979286,0.05,1.0,incremental,43,8,,
50,32,56.049912163979286,0.05,1.0,top_down,76,3,,
50,32,56.049912163979286,0.05,1.0,bottom_up,65,3,,
50,32,56.049912163979286,0.05,1.0,incremental,46,3,,
50,33,56.049912163979286,0.05,1.0,top_down,104,6,,
50,33,56.049912163979286,0.05,1.0,bottom_up,53,6,,
50,33,56.049912163979286,0.05,1.0,incremental,78,6,,
50,34,56.049912163979286,0.05,1.0,top_down,98,11,,
50,34,56.049912163979286,0.05,1.0,bottom_up,49,11,,
50,34,56.049912163979286,0.05,1.0,incremental,74,11,,
50,35,56.049912163979286,0.05,1.0,top_down,70,5,,
50,35,56.049912163979286,0.05,1.0,bottom_up,63,5,,
50,35,56.049912163979286,0.05,1.0,incremental,38,5,,
50,36,56.049912163979286,0.05,1.0,top_down,77,5,,
50,36,56.049912163979286,0.05,1.0,bottom_up,59,5,,
50,36,56.049912163979286,0.05,1.0,incremental,43,5,,
50,37,56.049912163979286,0.05,1.0,top_down,70,3,,
50,37,56.049912163979286,0.05,1.0,bottom_up,39,3,,
50,37,56.049912163979286,0.05,1.0,incremental,32,3,,
50,38,56.049912163979286,0.05,1.0,top_down,63,4,,
50,38,56.049912163979286,0.05,1.0,bottom_up,39,4,,
50,38,56.049912163979286,0.05,1.0,incremental,61,4,,
50,39,56.049912163979286,0.05,1.0,top_down,84,4,,
50,39,56.049912163979286,0.05,1.0,bottom_up,44,4,,
50,39,56.049912163979286,0.05,1.0,incremental,81,4,,
50,40,56.049912163979286,0.05,1.0,top_down,89,6,,
50,40,56.049912163979286,0.05,1.0,bottom_up,56,6,,
50,40,56.049912163979286,0.05,1.0,incremental,57,6,,
50,41,56.049912163979286,0.05,1.0,top_down,84,10,,
50,41,56.049912163979286,0.05,1.0,bottom_up,55,10,,
50,41,56.049912163979286,0.05,1.0,incremental,35,10,,
50,42,56.049912163979286,0.05,1.0,top_down,61,5,,
50,42,56.049912163979286,0.05,1.0,bottom_up,44,5,,
50,42,56.049912163979286,0.05,1.0,incremental,67,5,,
50,43,56.049912163979286,0.05,1.0,top_down,80,9,,
50,43,56.049912163979286,0.05,1.0,bottom_up,55,9,,
50,43,56.049912163979286,0.05,1.0,incremental,87,9,,
50,44,56.049912163979286,0.05,1.0,top_down,81,3,,
50,44,56.049912163979286,0.05,1.0,bottom_up,63,3,,
50,44,56.049912163979286,0.05,1.0,incremental,48,3,,
50,45,56.049912163979286,0.05,1.0,top_down,94,10,,
50,45,56.049912163979286,0.05,1.0,bottom_up,34,10,,
50,45,56.049912163979286,0.05,1.0,incremental,74,10,,
50,46,56.049912163979286,0.05,1.0,top_down,70,4,,
50,46,56.049912163979286,0.05,1.0,bottom_up,47,4,,
50,46,56.049912163979286,0.05,1.0,incremental,56,4,,
50,47,56.049912163979286,0.05,1.0,top_down,97,10,,
50,47,56.049912163979286,0.05,1.0,bottom_up,69,10,,
50,47,56.049912163979286,0.05,1.0,incremental,40,10,,
50,48,56.049912163979286,0.05,1.0,top_down,54,6,,
50,48,56.049912163979286,0.05,1.0,bottom_up,51,6,,
50,48,56.049912163979286,0.05,1.0,incremental,50,6,,
50,49,56.049912163979286,0.05,1.0,top_down,77,5,,
50,49,56.049912163979286,0.05,1.0,bottom_up,58,5,,
50,49,56.049912163979286,0.05,1.0,incremental,39,5,,
100,0,79.26654595212021,0.05,1.0,top_down,201,11,,
100,0,79.26654595212021,0.05,1.0,bottom_up,132,11,,
100,0,79.26654595212021,0.05,1.0,incremental,106,11,,
100,1,79.26654595212021,0.05,1.0,top_down,209,11,,
100,1,79.26654595212021,0.05,1.0,bottom_up,133,11,,
100,1,79.26654595212021,0.05,1.0,incremental,110,11,,
100,2,79.26654595212021,0.05,1.0,top_down,240,11,,
100,2,79.26654595212021,0.05,1.0,bottom_up,118,11,,
100,2,79.26654595212021,0.05,1.0,incremental,137,11,,
100,3,79.26654595212021,0.05,1.0,top_down,173,11,,
100,3,79.26654595212021,0.05,1.0,bottom_up,128,11,,
100,3,79.26654595212021,0.05,1.0,incremental,104,11,,
100,4,79.26654595212021,0.05,1.0,top_down,216,10,,
100,4,79.26654595212021,0.05,1.0,bottom_up,122,10,,
100,4,79.26654595212021,0.05,1.0,incremental,91,10,,
100,5,79.26654595212021,0.05,1.0,top_down,215,11,,
100,5,79.26654595212021,0.05,1.0,bottom_up,112,11,,
100,5,79.26654595212021,0.05,1.0,incremental,173,11,,
100,6,79.26654595212021,0.05,1.0,top_down,151,8,,
100,6,79.26654595212021,0.05,1.0,bottom_up,144,8,,
100,6,79.26654595212021,0.05,1.0,incremental,138,8,,
100,7,79.26654595212021,0.05,1.0,top_down,205,14,,
100,7,79.26654595212021,0.05,1.0,bottom_up,138,14,,
100,7,79.26654595212021,0.05,1.0,incremental,132,14,,
100,8,79.26654595212021,0.05,1.0,top_down,175,7,,
100,8,79.26654595212021,0.05,1.0,bottom_up,104,7,,
100,8,79.26654595212021,0.05,1.0,incremental,116,7,,
100,9,79.26654595212021,0.05,1.0,top_down,201,13,,
100,9,79.26654595212021,0.05,1.0,bottom_up,116,13,,
100,9,79.26654595212021,0.05,1.0,incremental,101,13,,
100,10,79.26654595212021,0.05,1.0,top_down,195,7,,
100,10,79.26654595212021,0.05,1.0,bottom_up,108,7,,
100,10,79.26654595212021,0.05,1.0,incremental,118,7,,
100,11,79.26654595212021,0.05,1.0,top_down,173,12,,
100,11,79.26654595212021,0.05,1.0,bottom_up,160,12,,
100,11,79.26654595212021,0.05,1.0,incremental,100,12,,
100,12,79.26654595212021,0.05,1.0,top_down,192,11,,
100,12,79.26654595212021,0.05,1.0,bottom_up,112,11,,
100,12,79.26654595212021,0.05,1.0,incremental,124,11,,
100,13,79.26654595212021,0.05,1.0,top_down,268,17,,
100,13,79.26654595212021,0.05,1.0,bottom_up,134,17,,
100,13,79.26654595212021,0.05,1.0,incremental,195,17,,
100,14,79.26654595212021,0.05,1.0,top_down,206,8,,
100,14,79.26654595212021,0.05,1.0,bottom_up,101,8,,
100,14,79.26654595212021,0.05,1.0,incremental,142,8,,
100,15,79.26654595212021,0.05,1.0,top_down,193,18,,
100,15,79.26654595212021,0.05,1.0,bottom_up,110,18,,
100,15,79.26654595212021,0.05,1.0,incremental,139,18,,
100,16,79.26654595212021,0.05,1.0,top_down,184,11,,
100,16,79.26654595212021,0.05,1.0,bottom_up,82,11,,
100,16,79.26654595212021,0.05,1.0,incremental,102,11,,
100,17,79.26654595212021,0.05,1.0,top_down,171,18,,
100,17,79.26654595212021,0.05,1.0,bottom_up,111,18,,
100,17,79.26654595212021,0.05,1.0,incremental,114,18,,
100,18,79.26654595212021,0.05,1.0,top_down,169,13,,
100,18,79.26654595212021,0.05,1.0,bottom_up,105,13,,
100,18,79.26654595212021,0.05,1.0,incremental,122,13,,
100,19,79.26654595212021,0.05,1.0,top_down,165,12,,
100,19,79.26654595212021,0.05,1.0,bottom_up,114,12,,
100,19,79.26654595212021,0.05,1.0,incremental,90,12,,
100,20,79.26654595212021,0.05,1.0,top_down,227,12,,
100,20,79.26654595212021,0.05,1.0,bottom_up,111,12,,
100,20,79.26654595212021,0.05,1.0,incremental,152,12,,
100,21,79.26654595212021,0.05,1.0,top_down,206,17,,
100,21,79.26654595212021,0.05,1.0,bottom_up,112,17,,
100,21,79.26654595212021,0.05,1.0,incremental,202,17,,
100,22,79.26654595212021,0.05,1.0,top_down,256,13,,
100,22,79.26654595212021,0.05,1.0,bottom_up,113,13,,
100,22,79.26654595212021,0.05,1.0,incremental,100,13,,
100,23,79.26654595212021,0.05,1.0,top_down,238,17,,
100,23,79.26654595212021,0.05,1.0,bottom_up,107,17,,
100,23,79.26654595212021,0.05,1.0,incremental,88,17,,
100,24,79.26654595212021,0.05,1.0,top_down,184,11,,
100,24,79.26654595212021,0.05,1.0,bottom_up,95,11,,
100,24,79.26654595212021,0.05,1.0,incremental,77,11,,
100,25,79.26654595212021,0.05,1.0,top_down,226,15,,
100,25,79.26654595212021,0.05,1.0,bottom_up,127,15,,
100,25,79.26654595212021,0.05,1.0,incremental,179,15,,
100,26,79.26654595212021,0.05,1.0,top_down,193,9,,
100,26,79.26654595212021,0.05,1.0,bottom_up,145,9,,
100,26,79.26654595212021,0.05,1.0,incremental,105,9,,
100,27,79.26654595212021,0.05,1.0,top_down,236,17,,
100,27,79.26654595212021,0.05,1.0,bottom_up,120,17,,
100,27,79.26654595212021,0.05,1.0,incremental,79,17,,
100,28,79.26654595212021,0.05,1.0,top_down,240,19,,
100,28,79.26654595212021,0.05,1.0,bottom_up,139,19,,
100,28,79.26654595212021,0.05,1.0,incremental,91,19,,
100,29,79.26654595212021,0.05,1.0,top_down,198,9,,
100,29,79.26654595212021,0.05,1.0,bottom_up,135,9,,
100,29,79.26654595212021,0.05,1.0,incremental,185,9,,
100,30,79.26654595212021,0.05,1.0,top_down,174,22,,
100,30,79.26654595212021,0.05,1.0,bottom_up,118,22,,
100,30,79.26654595212021,0.05,1.0,incremental,152,22,,
100,31,79.26654595212021,0.05,1.0,top_down,196,15,,
100,31,79.26654595212021,0.05,1.0,bottom_up,136,15,,
100,31,79.26654595212021,0.05,1.0,incremental,152,15,,
100,32,79.26654595212021,0.05,1.0,top_down,194,7,,
100,32,79.26654595212021,0.05,1.0,bottom_up,143,7,,
100,32,79.26654595212021,0.05,1.0,incremental,90,7,,
100,33,79.26654595212021,0.05,1.0,top_down,203,13,,
100,33,79.26654595212021,0.05,1.0,bottom_up,133,13,,
100,33,79.26654595212021,0.05,1.0,incremental,150,13,,
100,34,79.26654595212021,0.05,1.0,top_down,194,10,,
100,34,79.26654595212021,0.05,1.0,bottom_up,121,10,,
100,34,79.26654595212021,0.05,1.0,incremental,117,10,,
100,35,79.26654595212021,0.05,1.0,top_down,208,21,,
100,35,79.26654595212021,0.05,1.0,bottom_up,130,21,,
100,35,79.26654595212021,0.05,1.0,incremental,108,21,,
100,36,79.26654595212021,0.05,1.0,top_down,156,18,,
100,36,79.26654595212021,0.05,1.0,bottom_up,127,18,,
100,36,79.26654595212021,0.05,1.0,incremental,116,18,,
100,37,79.26654595212021,0.05,1.0,top_down,159,14,,
100,37,79.26654595212021,0.05,1.0,bottom_up,143,14,,
100,37,79.26654595212021,0.05,1.0,incremental,134,14,,
100,38,79.26654595212021,0.05,1.0,top_down,219,12,,
100,38,79.26654595212021,0.05,1.0,bottom_up,125,12,,
100,38,79.26654595212021,0.05,1.0,incremental,203,12,,
100,39,79.26654595212021,0.05,1.0,top_down,205,14,,
100,39,79.26654595212021,0.05,1.0,bottom_up,119,14,,
100,39,79.26654595212021,0.05,1.0,incremental,102,14,,
100,40,79.26654595212021,0.05,1.0,top_down,240,9,,
100,40,79.26654595212021,0.05,1.0,bottom_up,130,9,,
100,40,79.26654595212021,0.05,1.0,incremental,107,9,,
100,41,79.26654595212021,0.05,1.0,top_down,206,14,,
100,41,79.26654595212021,0.05,1.0,bottom_up,121,14,,
100,41,79.26654595212021,0.05,1.0,incremental,217,14,,
100,42,79.26654595212021,0.05,1.0,top_down,232,16,,
100,42,79.26654595212021,0.05,1.0,bottom_up,115,16,,
100,42,79.26654595212021,0.05,1.0,incremental,156,16,,
100,43,79.26654595212021,0.05,1.0,top_down,224,13,,
100,43,79.26654595212021,0.05,1.0,bottom_up,98,13,,
100,43,79.26654595212021,0.05,1.0,incremental,103,13,,
100,44,79.26654595212021,0.05,1.0,top_down,204,16,,
100,44,79.26654595212021,0.05,1.0,bottom_up,112,16,,
100,44,79.26654595212021,0.05,1.0,incremental,118,16,,
100,45,79.26654595212021,0.05,1.0,top_down,214,13,,
100,45,79.26654595212021,0.05,1.0,bottom_up,100,13,,
100,45,79.26654595212021,0.05,1.0,incremental,145,13,,
100,46,79.26654595212021,0.05,1.0,top_down,167,14,,
100,46,79.26654595212021,0.05,1.0,bottom_up,100,14,,
100,46,79.26654595212021,0.05,1.0,incremental,143,14,,
100,47,79.26654595212021,0.05,1.0,top_down,184,16,,
100,47,79.26654595212021,0.05,1.0,bottom_up,141,16,,
100,47,79.26654595212021,0.05,1.0,incremental,174,16,,
100,48,79.26654595212021,0.05,1.0,top_down,202,14,,
100,48,79.26654595212021,0.05,1.0,bottom_up,112,14,,
100,48,79.26654595212021,0.05,1.0,incremental,91,14,,
100,49,79.26654595212021,0.05,1.0,top_down,236,18,,
100,49,79.26654595212021,0.05,1.0,bottom_up,116,18,,
100,49,79.26654595212021,0.05,1.0,incremental,88,18,,
200,0,112.09982432795857,0.05,1.0,top_down,445,22,,
200,0,112.09982432795857,0.05,1.0,bottom_up,239,22,,
200,0,112.09982432795857,0.05,1.0,incremental,274,22,,
200,1,112.09982432795857,0.05,1.0,top_down,395,19,,
200,1,112.09982432795857,0.05,1.0,bottom_up,242,19,,
200,1,112.09982432795857,0.05,1.0,incremental,237,19,,
200,2,112.09982432795857,0.05,1.0,top_down,475,24,,
200,2,112.09982432795857,0.05,1.0,bottom_up,255,24,,
200,2,112.09982432795857,0.05,1.0,incremental,372,24,,
200,3,112.09982432795857,0.05,1.0,top_down,426,25,,
200,3,112.09982432795857,0.05,1.0,bottom_up,226,25,,
200,3,112.09982432795857,0.05,1.0,incremental,246,25,,
200,4,112.09982432795857,0.05,1.0,top_down,432,30,,
200,4,112.09982432795857,0.05,1.0,bottom_up,301,30,,
200,4,112.09982432795857,0.05,1.0,incremental,208,30,,
200,5,112.09982432795857,0.05,1.0,top_down,446,22,,
200,5,112.09982432795857,0.05,1.0,bottom_up,289,22,,
200,5,112.09982432795857,0.05,1.0,incremental,315,22,,
200,6,112.09982432795857,0.05,1.0,top_down,393,24,,
200,6,112.09982432795857,0.05,1.0,bottom_up,303,24,,
200,6,112.09982432795857,0.05,1.0,incremental,262,24,,
200,7,112.09982432795857,0.05,1.0,top_down,514,24,,
200,7,112.09982432795857,0.05,1.0,bottom_up,275,24,,
200,7,112.09982432795857,0.05,1.0,incremental,203,24,,
200,8,112.09982432795857,0.05,1.0,top_down,422,27,,
200,8,112.09982432795857,0.05,1.0,bottom_up,249,27,,
200,8,112.09982432795857,0.05,1.0,incremental,259,27,,
200,9,112.09982432795857,0.05,1.0,top_down,383,31,,
200,9,112.09982432795857,0.05,1.0,bottom_up,282,31,,
200,9,112.09982432795857,0.05,1.0,incremental,294,31,,
200,10,112.09982432795857,0.05,1.0,top_down,409,26,,
200,10,112.09982432795857,0.05,1.0,bottom_up,268,26,,
200,10,112.09982432795857,0.05,1.0,incremental,276,26,,
200,11,112.09982432795857,0.05,1.0,top_down,421,20,,
200,11,112.09982432795857,0.05,1.0,bottom_up,250,20,,
200,11,112.09982432795857,0.05,1.0,incremental,415,20,,
200,12,112.09982432795857,0.05,1.0,top_down,418,34,,
200,12,112.09982432795857,0.05,1.0,bottom_up,274,34,,
200,12,112.09982432795857,0.05,1.0,incremental,267,34,,
200,13,112.09982432795857,0.05,1.0,top_down,373,24,,
200,13,112.09982432795857,0.05,1.0,bottom_up,265,24,,
200,13,112.09982432795857,0.05,1.0,incremental,305,24,,
200,14,112.09982432795857,0.05,1.0,top_down,406,33,,
200,14,112.09982432795857,0.05,1.0,bottom_up,258,33,,
200,14,112.09982432795857,0.05,1.0,incremental,344,33,,
200,15,112.09982432795857,0.05,1.0,top_down,372,24,,
200,15,112.09982432795857,0.05,1.0,bottom_up,262,24,,
200,15,112.09982432795857,0.05,1.0,incremental,363,24,,
200,16,112.09982432795857,0.05,1.0,top_down,531,38,,
200,16,112.09982432795857,0.05,1.0,bottom_up,241,38,,
200,16,112.09982432795857,0.05,1.0,incremental,241,38,,
200,17,112.09982432795857,0.05,1.0,top_down,354,27,,
200,17,112.09982432795857,0.05,1.0,bottom_up,294,27,,
200,17,112.09982432795857,0.05,1.0,incremental,288,27,,
200,18,112.09982432795857,0.05,1.0,top_down,444,20,,
200,18,112.09982432795857,0.05,1.0,bottom_up,271,20,,
200,18,112.09982432795857,0.05,1.0,incremental,279,20,,
200,19,112.09982432795857,0.05,1.0,top_down,451,36,,
200,19,112.09982432795857,0.05,1.0,bottom_up,319,36,,
200,19,112.09982432795857,0.05,1.0,incremental,218,36,,
200,20,112.09982432795857,0.05,1.0,top_down,375,28,,
200,20,112.09982432795857,0.05,1.0,bottom_up,279,28,,
200,20,112.09982432795857,0.05,1.0,incremental,274,28,,
200,21,112.09982432795857,0.05,1.0,top_down,376,30,,
200,21,112.09982432795857,0.05,1.0,bottom_up,266,30,,
200,21,112.09982432795857,0.05,1.0,incremental,256,30,,
200,22,112.09982432795857,0.05,1.0,top_down,431,12,,
200,22,112.09982432795857,0.05,1.0,bottom_up,297,12,,
200,22,112.09982432795857,0.05,1.0,incremental,242,12,,
200,23,112.09982432795857,0.05,1.0,top_down,492,34,,
200,23,112.09982432795857,0.05,1.0,bottom_up,308,34,,
200,23,112.09982432795857,0.05,1.0,incremental,259,34,,
200,24,112.09982432795857,0.05,1.0,top_down,471,24,,
200,24,112.09982432795857,0.05,1.0,bottom_up,335,24,,
200,24,112.09982432795857,0.05,1.0,incremental,404,24,,
200,25,112.09982432795857,0.05,1.0,top_down,434,29,,
200,25,112.09982432795857,0.05,1.0,bottom_up,276,29,,
200,25,112.09982432795857,0.05,1.0,incremental,290,29,,
200,26,112.09982432795857,0.05,1.0,top_down,438,22,,
200,26,112.09982432795857,0.05,1.0,bottom_up,268,22,,
200,26,112.09982432795857,0.05,1.0,incremental,274,22,,
200,27,112.09982432795857,0.05,1.0,top_down,391,25,,
200,27,112.09982432795857,0.05,1.0,bottom_up,301,25,,
200,27,112.09982432795857,0.05,1.0,incremental,244,25,,
200,28,112.09982432795857,0.05,1.0,top_down,416,23,,
200,28,112.09982432795857,0.05,1.0,bottom_up,288,23,,
200,28,112.09982432795857,0.05,1.0,incremental,290,23,,
200,29,112.09982432795857,0.05,1.0,top_down,483,26,,
200,29,112.09982432795857,0.05,1.0,bottom_up,273,26,,
200,29,112.09982432795857,0.05,1.0,incremental,208,26,,
200,30,112.09982432795857,0.05,1.0,top_down,386,17,,
200,30,112.09982432795857,0.05,1.0,bottom_up,271,17,,
200,30,112.09982432795857,0.05,1.0,incremental,312,17,,
200,31,112.09982432795857,0.05,1.0,top_down,495,19,,
200,31,112.09982432795857,0.05,1.0,bottom_up,297,19,,
200,31,112.09982432795857,0.05,1.0,incremental,376,19,,
200,32,112.09982432795857,0.05,1.0,top_down,468,29,,
200,32,112.09982432795857,0.05,1.0,bottom_up,312,29,,
200,32,112.09982432795857,0.05,1.0,incremental,216,29,,
200,33,112.09982432795857,0.05,1.0,top_down,414,25,,
200,33,112.09982432795857,0.05,1.0,bottom_up,270,25,,
200,33,112.09982432795857,0.05,1.0,incremental,265,25,,
200,34,112.09982432795857,0.05,1.0,top_down,466,27,,
200,34,112.09982432795857,0.05,1.0,bottom_up,257,27,,
200,34,112.09982432795857,0.05,1.0,incremental,315,27,,
200,35,112.09982432795857,0.05,1.0,top_down,436,26,,
200,35,112.09982432795857,0.05,1.0,bottom_up,307,26,,
200,35,112.09982432795857,0.05,1.0,incremental,382,26,,
200,36,112.09982432795857,0.05,1.0,top_down,456,29,,
200,36,112.09982432795857,0.05,1.0,bottom_up,265,29,,
200,36,112.09982432795857,0.05,1.0,incremental,397,29,,
200,37,112.09982432795857,0.05,1.0,top_down,436,24,,
200,37,112.09982432795857,0.05,1.0,bottom_up,321,24,,
200,37,112.09982432795857,0.05,1.0,incremental,337,24,,
200,38,112.09982432795857,0.05,1.0,top_down,433,25,,
200,38,112.09982432795857,0.05,1.0,bottom_up,319,25,,
200,38,112.09982432795857,0.05,1.0,incremental,246,25,,
200,39,112.09982432795857,0.05,1.0,top_down,469,21,,
200,39,112.09982432795857,0.05,1.0,bottom_up,316,21,,
200,39,112.09982432795857,0.05,1.0,incremental,284,21,,
200,40,112.09982432795857,0.05,1.0,top_down,449,24,,
200,40,112.09982432795857,0.05,1.0,bottom_up,263,24,,
200,40,112.09982432795857,0.05,1.0,incremental,296,24,,
200,41,112.09982432795857,0.05,1.0,top_down,397,24,,
200,41,112.09982432795857,0.05,1.0,bottom_up,272,24,,
200,41,112.09982432795857,0.05,1.0,incremental,348,24,,
200,42,112.09982432795857,0.05,1.0,top_down,414,17,,
200,42,112.09982432795857,0.05,1.0,bottom_up,320,17,,
200,42,112.09982432795857,0.05,1.0,incremental,303,17,,
200,43,112.09982432795857,0.05,1.0,top_down,400,25,,
200,43,112.09982432795857,0.05,1.0,bottom_up,286,25,,
200,43,112.09982432795857,0.05,1.0,incremental,248,25,,
200,44,112.09982432795857,0.05,1.0,top_down,439,27,,
200,44,112.09982432795857,0.05,1.0,bottom_up,227,27,,
200,44,112.09982432795857,0.05,1.0,incremental,284,27,,
200,45,112.09982432795857,0.05,1.0,top_down,490,20,,
200,45,112.09982432795857,0.05,1.0,bottom_up,301,20,,
200,45,112.09982432795857,0.05,1.0,incremental,297,20,,
200,46,112.09982432795857,0.05,1.0,top_down,524,19,,
200,46,112.09982432795857,0.05,1.0,bottom_up,279,19,,
200,46,112.09982432795857,0.05,1.0,incremental,252,19,,
200,47,112.09982432795857,0.05,1.0,top_down,362,30,,
200,47,112.09982432795857,0.05,1.0,bottom_up,271,30,,
200,47,112.09982432795857,0.05,1.0,incremental,291,30,,
200,48,112.09982432795857,0.05,1.0,top_down,408,17,,
200,48,112.09982432795857,0.05,1.0,bottom_up,281,17,,
200,48,112.09982432795857,0.05,1.0,incremental,270,17,,
200,49,112.09982432795857,0.05,1.0,top_down,419,24,,
200,49,112.09982432795857,0.05,1.0,bottom_up,281,24,,
200,49,112.09982432795857,0.05,1.0,incremental,262,24,,
500,0,177.2453850905516,0.05,1.0,top_down,959,70,,
500,0,177.2453850905516,0.05,1.0,bottom_up,695,70,,
500,0,177.2453850905516,0.05,1.0,incremental,724,70,,
500,1,177.2453850905516,0.05,1.0,top_down,1063,59,,
500,1,177.2453850905516,0.05,1.0,bottom_up,719,59,,
500,1,177.2453850905516,0.05,1.0,incremental,929,59,,
500,2,177.2453850905516,0.05,1.0,top_down,1035,54,,
500,2,177.2453850905516,0.05,1.0,bottom_up,801,54,,
500,2,177.2453850905516,0.05,1.0,incremental,966,54,,
500,3,177.2453850905516,0.05,1.0,top_down,1255,78,,
500,3,177.2453850905516,0.05,1.0,bottom_up,775,78,,
500,3,177.2453850905516,0.05,1.0,incremental,735,78,,
500,4,177.2453850905516,0.05,1.0,top_down,1043,54,,
500,4,177.2453850905516,0.05,1.0,bottom_up,792,54,,
500,4,177.2453850905516,0.05,1.0,incremental,754,54,,
500,5,177.2453850905516,0.05,1.0,top_down,1163,60,,
500,5,177.2453850905516,0.05,1.0,bottom_up,794,60,,
500,5,177.2453850905516,0.05,1.0,incremental,775,60,,
500,6,177.2453850905516,0.05,1.0,top_down,1043,62,,
500,6,177.2453850905516,0.05,1.0,bottom_up,773,62,,
500,6,177.2453850905516,0.05,1.0,incremental,838,62,,
500,7,177.2453850905516,0.05,1.0,top_down,1055,70,,
500,7,177.2453850905516,0.05,1.0,bottom_up,844,70,,
500,7,177.2453850905516,0.05,1.0,incremental,1212,70,,
500,8,177.2453850905516,0.05,1.0,top_down,1167,70,,
500,8,177.2453850905516,0.05,1.0,bottom_up,759,70,,
500,8,177.2453850905516,0.05,1.0,incremental,872,70,,
500,9,177.2453850905516,0.05,1.0,top_down,1191,68,,
500,9,177.2453850905516,0.05,1.0,bottom_up,715,68,,
500,9,177.2453850905516,0.05,1.0,incremental,962,68,,
500,10,177.2453850905516,0.05,1.0,top_down,975,65,,
500,10,177.2453850905516,0.05,1.0,bottom_up,772,65,,
500,10,177.2453850905516,0.05,1.0,incremental,735,65,,
500,11,177.2453850905516,0.05,1.0,top_down,975,74,,
500,11,177.2453850905516,0.05,1.0,bottom_up,807,74,,
500,11,177.2453850905516,0.05,1.0,incremental,776,74,,
500,12,177.2453850905516,0.05,1.0,top_down,931,71,,
500,12,177.2453850905516,0.05,1.0,bottom_up,868,71,,
500,12,177.2453850905516,0.05,1.0,incremental,824,71,,
500,13,177.2453850905516,0.05,1.0,top_down,1039,64,,
500,13,177.2453850905516,0.05,1.0,bottom_up,853,64,,
500,13,177.2453850905516,0.05,1.0,incremental,758,64,,
500,14,177.2453850905516,0.05,1.0,top_down,983,58,,
500,14,177.2453850905516,0.05,1.0,bottom_up,768,58,,
500,14,177.2453850905516,0.05,1.0,incremental,706,58,,
500,15,177.2453850905516,0.05,1.0,top_down,927,63,,
500,15,177.2453850905516,0.05,1.0,bottom_up,728,63,,
500,15,177.2453850905516,0.05,1.0,incremental,764,63,,
500,16,177.2453850905516,0.05,1.0,top_down,1067,74,,
500,16,177.2453850905516,0.05,1.0,bottom_up,731,74,,
500,16,177.2453850905516,0.05,1.0,incremental,783,74,,
500,17,177.2453850905516,0.05,1.0,top_down,1039,64,,
500,17,177.2453850905516,0.05,1.0,bottom_up,839,64,,
500,17,177.2453850905516,0.05,1.0,incremental,837,64,,
500,18,177.2453850905516,0.05,1.0,top_down,1143,59,,
500,18,177.2453850905516,0.05,1.0,bottom_up,735,59,,
500,18,177.2453850905516,0.05,1.0,incremental,793,59,,
500,19,177.2453850905516,0.05,1.0,top_down,1095,61,,
500,19,177.2453850905516,0.05,1.0,bottom_up,758,61,,
500,19,177.2453850905516,0.05,1.0,incremental,775,61,,
500,20,177.2453850905516,0.05,1.0,top_down,1011,54,,
500,20,177.2453850905516,0.05,1.0,bottom_up,725,54,,
500,20,177.2453850905516,0.05,1.0,incremental,735,54,,
500,21,177.2453850905516,0.05,1.0,top_down,1035,61,,
500,21,177.2453850905516,0.05,1.0,bottom_up,726,61,,
500,21,177.2453850905516,0.05,1.0,incremental,711,61,,
500,22,177.2453850905516,0.05,1.0,top_down,1055,50,,
500,22,177.2453850905516,0.05,1.0,bottom_up,752,50,,
500,22,177.2453850905516,0.05,1.0,incremental,988,50,,
500,23,177.2453850905516,0.05,1.0,top_down,971,71,,
500,23,177.2453850905516,0.05,1.0,bottom_up,773,71,,
500,23,177.2453850905516,0.05,1.0,incremental,882,71,,
500,24,177.2453850905516,0.05,1.0,top_down,1035,51,,
500,24,177.2453850905516,0.05,1.0,bottom_up,707,51,,
500,24,177.2453850905516,0.05,1.0,incremental,781,51,,
500,25,177.2453850905516,0.05,1.0,top_down,1219,68,,
500,25,177.2453850905516,0.05,1.0,bottom_up,791,68,,
500,25,177.2453850905516,0.05,1.0,incremental,769,68,,
500,26,177.2453850905516,0.05,1.0,top_down,1047,65,,
500,26,177.2453850905516,0.05,1.0,bottom_up,802,65,,
500,26,177.2453850905516,0.05,1.0,incremental,849,65,,
500,27,177.2453850905516,0.05,1.0,top_down,1115,60,,
500,27,177.2453850905516,0.05,1.0,bottom_up,814,60,,
500,27,177.2453850905516,0.05,1.0,incremental,830,60,,
500,28,177.2453850905516,0.05,1.0,top_down,1003,52,,
500,28,177.2453850905516,0.05,1.0,bottom_up,851,52,,
500,28,177.2453850905516,0.05,1.0,incremental,938,52,,
500,29,177.2453850905516,0.05,1.0,top_down,1171,62,,
500,29,177.2453850905516,0.05,1.0,bottom_up,821,62,,
500,29,177.2453850905516,0.05,1.0,incremental,826,62,,
500,30,177.2453850905516,0.05,1.0,top_down,983,52,,
500,30,177.2453850905516,0.05,1.0,bottom_up,858,52,,
500,30,177.2453850905516,0.05,1.0,incremental,814,52,,
500,31,177.2453850905516,0.05,1.0,top_down,1139,76,,
500,31,177.2453850905516,0.05,1.0,bottom_up,746,76,,
500,31,177.2453850905516,0.05,1.0,incremental,754,76,,
500,32,177.2453850905516,0.05,1.0,top_down,999,70,,
500,32,177.2453850905516,0.05,1.0,bottom_up,766,70,,
500,32,177.2453850905516,0.05,1.0,incremental,822,70,,
500,33,177.2453850905516,0.05,1.0,top_down,1055,57,,
500,33,177.2453850905516,0.05,1.0,bottom_up,752,57,,
500,33,177.2453850905516,0.05,1.0,incremental,730,57,,
500,34,177.2453850905516,0.05,1.0,top_down,1211,63,,
500,34,177.2453850905516,0.05,1.0,bottom_up,770,63,,
500,34,177.2453850905516,0.05,1.0,incremental,808,63,,
500,35,177.2453850905516,0.05,1.0,top_down,971,75,,
500,35,177.2453850905516,0.05,1.0,bottom_up,751,75,,
500,35,177.2453850905516,0.05,1.0,incremental,679,75,,
500,36,177.2453850905516,0.05,1.0,top_down,1083,57,,
500,36,177.2453850905516,0.05,1.0,bottom_up,759,57,,
500,36,177.2453850905516,0.05,1.0,incremental,724,57,,
500,37,177.2453850905516,0.05,1.0,top_down,1035,73,,
500,37,177.2453850905516,0.05,1.0,bottom_up,771,73,,
500,37,177.2453850905516,0.05,1.0,incremental,897,73,,
500,38,177.2453850905516,0.05,1.0,top_down,991,68,,
500,38,177.2453850905516,0.05,1.0,bottom_up,810,68,,
500,38,177.2453850905516,0.05,1.0,incremental,793,68,,
500,39,177.2453850905516,0.05,1.0,top_down,979,51,,
500,39,177.2453850905516,0.05,1.0,bottom_up,777,51,,
500,39,177.2453850905516,0.05,1.0,incremental,687,51,,
500,40,177.2453850905516,0.05,1.0,top_down,1179,63,,
500,40,177.2453850905516,0.05,1.0,bottom_up,757,63,,
500,40,177.2453850905516,0.05,1.0,incremental,847,63,,
500,41,177.2453850905516,0.05,1.0,top_down,1115,58,,
500,41,177.2453850905516,0.05,1.0,bottom_up,845,58,,
500,41,177.2453850905516,0.05,1.0,incremental,944,58,,
500,42,177.2453850905516,0.05,1.0,top_down,1247,53,,
500,42,177.2453850905516,0.05,1.0,bottom_up,794,53,,
500,42,177.2453850905516,0.05,1.0,incremental,1154,53,,
500,43,177.2453850905516,0.05,1.0,top_down,1151,69,,
500,43,177.2453850905516,0.05,1.0,bottom_up,816,69,,
500,43,177.2453850905516,0.05,1.0,incremental,1241,69,,
500,44,177.2453850905516,0.05,1.0,top_down,1231,64,,
500,44,177.2453850905516,0.05,1.0,bottom_up,894,64,,
500,44,177.2453850905516,0.05,1.0,incremental,1040,64,,
500,45,177.2453850905516,0.05,1.0,top_down,1151,58,,
500,45,177.2453850905516,0.05,1.0,bottom_up,854,58,,
500,45,177.2453850905516,0.05,1.0,incremental,983,58,,
500,46,177.2453850905516,0.05,1.0,top_down,1015,66,,
500,46,177.2453850905516,0.05,1.0,bottom_up,767,66,,
500,46,177.2453850905516,0.05,1.0,incremental,915,66,,
500,47,177.2453850905516,0.05,1.0,top_down,1271,76,,
500,47,177.2453850905516,0.05,1.0,bottom_up,763,76,,
500,47,177.2453850905516,0.05,1.0,incremental,797,76,,
500,48,177.2453850905516,0.05,1.0,top_down,959,50,,
500,48,177.2453850905516,0.05,1.0,bottom_up,743,50,,
500,48,177.2453850905516,0.05,1.0,incremental,647,50,,
500,49,177.2453850905516,0.05,1.0,top_down,1019,65,,
500,49,177.2453850905516,0.05,1.0,bottom_up,865,65,,
500,49,177.2453850905516,0.05,1.0,incremental,961,65,,
1000,0,250.66282746310003,0.05,1.0,top_down,2183,141,,
1000,0,250.66282746310003,0.05,1.0,bottom_up,1533,141,,
1000,0,250.66282746310003,0.05,1.0,incremental,1949,141,,
1000,1,250.66282746310003,0.05,1.0,top_down,2119,135,,
1000,1,250.66282746310003,0.05,1.0,bottom_up,1521,135,,
1000,1,250.66282746310003,0.05,1.0,incremental,1773,135,,
1000,2,250.66282746310003,0.05,1.0,top_down,2335,123,,
1000,2,250.66282746310003,0.05,1.0,bottom_up,1619,123,,
1000,2,250.66282746310003,0.05,1.0,incremental,1861,123,,
1000,3,250.66282746310003,0.05,1.0,top_down,2239,144,,
1000,3,250.66282746310003,0.05,1.0,bottom_up,1642,144,,
1000,3,250.66282746310003,0.05,1.0,incremental,1991,144,,
1000,4,250.66282746310003,0.05,1.0,top_down,2335,134,,
1000,4,250.66282746310003,0.05,1.0,bottom_up,1774,134,,
1000,4,250.66282746310003,0.05,1.0,incremental,1407,134,,
1000,5,250.66282746310003,0.05,1.0,top_down,2127,121,,
1000,5,250.66282746310003,0.05,1.0,bottom_up,1564,121,,
1000,5,250.66282746310003,0.05,1.0,incremental,1823,121,,
1000,6,250.66282746310003,0.05,1.0,top_down,2227,124,,
1000,6,250.66282746310003,0.05,1.0,bottom_up,1694,124,,
1000,6,250.66282746310003,0.05,1.0,incremental,1705,124,,
1000,7,250.66282746310003,0.05,1.0,top_down,2051,117,,
1000,7,250.66282746310003,0.05,1.0,bottom_up,1727,117,,
1000,7,250.66282746310003,0.05,1.0,incremental,1410,117,,
1000,8,250.66282746310003,0.05,1.0,top_down,2383,113,,
1000,8,250.66282746310003,0.05,1.0,bottom_up,1597,113,,
1000,8,250.66282746310003,0.05,1.0,incremental,1660,113,,
1000,9,250.66282746310003,0.05,1.0,top_down,2211,123,,
1000,9,250.66282746310003,0.05,1.0,bottom_up,1515,123,,
1000,9,250.66282746310003,0.05,1.0,incremental,1814,123,,
1000,10,250.66282746310003,0.05,1.0,top_down,2251,142,,
1000,10,250.66282746310003,0.05,1.0,bottom_up,1537,142,,
1000,10,250.66282746310003,0.05,1.0,incremental,1812,142,,
1000,11,250.66282746310003,0.05,1.0,top_down,2311,130,,
1000,11,250.66282746310003,0.05,1.0,bottom_up,1438,130,,
1000,11,250.66282746310003,0.05,1.0,incremental,1809,130,,
1000,12,250.66282746310003,0.05,1.0,top_down,2295,132,,
1000,12,250.66282746310003,0.05,1.0,bottom_up,1741,132,,
1000,12,250.66282746310003,0.05,1.0,incremental,1577,132,,
1000,13,250.66282746310003,0.05,1.0,top_down,2179,118,,
1000,13,250.66282746310003,0.05,1.0,bottom_up,1763,118,,
1000,13,250.66282746310003,0.05,1.0,incremental,1776,118,,
1000,14,250.66282746310003,0.05,1.0,top_down,2167,114,,
1000,14,250.66282746310003,0.05,1.0,bottom_up,1809,114,,
1000,14,250.66282746310003,0.05,1.0,incremental,1892,114,,
1000,15,250.66282746310003,0.05,1.0,top_down,2047,120,,
1000,15,250.66282746310003,0.05,1.0,bottom_up,1689,120,,
1000,15,250.66282746310003,0.05,1.0,incremental,1633,120,,
1000,16,250.66282746310003,0.05,1.0,top_down,2215,128,,
1000,16,250.66282746310003,0.05,1.0,bottom_up,1631,128,,
1000,16,250.66282746310003,0.05,1.0,incremental,2035,128,,
1000,17,250.66282746310003,0.05,1.0,top_down,2107,122,,
1000,17,250.66282746310003,0.05,1.0,bottom_up,1585,122,,
1000,17,250.66282746310003,0.05,1.0,incremental,1692,122,,
1000,18,250.66282746310003,0.05,1.0,top_down,2175,108,,
1000,18,250.66282746310003,0.05,1.0,bottom_up,1777,108,,
1000,18,250.66282746310003,0.05,1.0,incremental,2091,108,,
1000,19,250.66282746310003,0.05,1.0,top_down,2231,147,,
1000,19,250.66282746310003,0.05,1.0,bottom_up,1607,147,,
1000,19,250.66282746310003,0.05,1.0,incremental,1751,147,,
1000,20,250.66282746310003,0.05,1.0,top_down,2407,126,,
1000,20,250.66282746310003,0.05,1.0,bottom_up,1810,126,,
1000,20,250.66282746310003,0.05,1.0,incremental,1863,126,,
1000,21,250.66282746310003,0.05,1.0,top_down,2023,120,,
1000,21,250.66282746310003,0.05,1.0,bottom_up,1675,120,,
1000,21,250.66282746310003,0.05,1.0,incremental,1638,120,,
1000,22,250.66282746310003,0.05,1.0,top_down,2039,124,,
1000,22,250.66282746310003,0.05,1.0,bottom_up,1711,124,,
1000,22,250.66282746310003,0.05,1.0,incremental,1717,124,,
1000,23,250.66282746310003,0.05,1.0,top_down,2311,126,,
1000,23,250.66282746310003,0.05,1.0,bottom_up,1584,126,,
1000,23,250.66282746310003,0.05,1.0,incremental,1489,126,,
1000,24,250.66282746310003,0.05,1.0,top_down,2087,125,,
1000,24,250.66282746310003,0.05,1.0,bottom_up,1589,125,,
1000,24,250.66282746310003,0.05,1.0,incremental,1700,125,,
1000,25,250.66282746310003,0.05,1.0,top_down,2167,131,,
1000,25,250.66282746310003,0.05,1.0,bottom_up,1651,131,,
1000,25,250.66282746310003,0.05,1.0,incremental,1692,131,,
1000,26,250.66282746310003,0.05,1.0,top_down,2179,127,,
1000,26,250.66282746310003,0.05,1.0,bottom_up,1607,127,,
1000,26,250.66282746310003,0.05,1.0,incremental,1784,127,,
1000,27,250.66282746310003,0.05,1.0,top_down,2171,129,,
1000,27,250.66282746310003,0.05,1.0,bottom_up,1652,129,,
1000,27,250.66282746310003,0.05,1.0,incremental,1673,129,,
1000,28,250.66282746310003,0.05,1.0,top_down,2227,134,,
1000,28,250.66282746310003,0.05,1.0,bottom_up,1630,134,,
1000,28,250.66282746310003,0.05,1.0,incremental,1812,134,,
1000,29,250.66282746310003,0.05,1.0,top_down,2047,144,,
1000,29,250.66282746310003,0.05,1.0,bottom_up,1625,144,,
1000,29,250.66282746310003,0.05,1.0,incremental,1839,144,,
1000,30,250.66282746310003,0.05,1.0,top_down,2163,111,,
1000,30,250.66282746310003,0.05,1.0,bottom_up,1774,111,,
1000,30,250.66282746310003,0.05,1.0,incremental,1787,111,,
1000,31,250.66282746310003,0.05,1.0,top_down,2355,144,,
1000,31,250.66282746310003,0.05,1.0,bottom_up,1752,144,,
1000,31,250.66282746310003,0.05,1.0,incremental,1831,144,,
1000,32,250.66282746310003,0.05,1.0,top_down,2175,116,,
1000,32,250.66282746310003,0.05,1.0,bottom_up,1738,116,,
1000,32,250.66282746310003,0.05,1.0,incremental,1782,116,,
1000,33,250.66282746310003,0.05,1.0,top_down,2127,135,,
1000,33,250.66282746310003,0.05,1.0,bottom_up,1597,135,,
1000,33,250.66282746310003,0.05,1.0,incremental,1609,135,,
1000,34,250.66282746310003,0.05,1.0,top_down,2175,138,,
1000,34,250.66282746310003,0.05,1.0,bottom_up,1607,138,,
1000,34,250.66282746310003,0.05,1.0,incremental,2132,138,,
1000,35,250.66282746310003,0.05,1.0,top_down,2295,126,,
1000,35,250.66282746310003,0.05,1.0,bottom_up,1668,126,,
1000,35,250.66282746310003,0.05,1.0,incremental,1585,126,,
1000,36,250.66282746310003,0.05,1.0,top_down,2167,131,,
1000,36,250.66282746310003,0.05,1.0,bottom_up,1556,131,,
1000,36,250.66282746310003,0.05,1.0,incremental,1787,131,,
1000,37,250.66282746310003,0.05,1.0,top_down,2203,149,,
1000,37,250.66282746310003,0.05,1.0,bottom_up,1778,149,,
1000,37,250.66282746310003,0.05,1.0,incremental,1706,149,,
1000,38,250.66282746310003,0.05,1.0,top_down,2231,134,,
1000,38,250.66282746310003,0.05,1.0,bottom_up,1691,134,,
1000,38,250.66282746310003,0.05,1.0,incremental,1675,134,,
1000,39,250.66282746310003,0.05,1.0,top_down,2067,144,,
1000,39,250.66282746310003,0.05,1.0,bottom_up,1499,144,,
1000,39,250.66282746310003,0.05,1.0,incremental,1775,144,,
1000,40,250.66282746310003,0.05,1.0,top_down,2287,147,,
1000,40,250.66282746310003,0.05,1.0,bottom_up,1505,147,,
1000,40,250.66282746310003,0.05,1.0,incremental,1797,147,,
1000,41,250.66282746310003,0.05,1.0,top_down,2259,136,,
1000,41,250.66282746310003,0.05,1.0,bottom_up,1578,136,,
1000,41,250.66282746310003,0.05,1.0,incremental,1559,136,,
1000,42,250.66282746310003,0.05,1.0,top_down,2167,115,,
1000,42,250.66282746310003,0.05,1.0,bottom_up,1716,115,,
1000,42,250.66282746310003,0.05,1.0,incremental,1526,115,,
1000,43,250.66282746310003,0.05,1.0,top_down,2194,122,,
1000,43,250.66282746310003,0.05,1.0,bottom_up,1641,122,,
1000,43,250.66282746310003,0.05,1.0,incremental,1751,122,,
1000,44,250.66282746310003,0.05,1.0,top_down,2143,90,,
1000,44,250.66282746310003,0.05,1.0,bottom_up,1656,90,,
1000,44,250.66282746310003,0.05,1.0,incremental,1693,90,,
1000,45,250.66282746310003,0.05,1.0,top_down,2335,124,,
1000,45,250.66282746310003,0.05,1.0,bottom_up,1522,124,,
1000,45,250.66282746310003,0.05,1.0,incremental,1700,124,,
1000,46,250.66282746310003,0.05,1.0,top_down,2087,126,,
1000,46,250.66282746310003,0.05,1.0,bottom_up,1624,126,,
1000,46,250.66282746310003,0.05,1.0,incremental,1518,126,,
1000,47,250.66282746310003,0.05,1.0,top_down,2143,135,,
1000,47,250.66282746310003,0.05,1.0,bottom_up,1791,135,,
1000,47,250.66282746310003,0.05,1.0,incremental,2058,135,,
1000,48,250.66282746310003,0.05,1.0,top_down,2139,134,,
1000,48,250.66282746310003,0.05,1.0,bottom_up,1648,134,,
1000,48,250.66282746310003,0.05,1.0,incremental,1611,134,,
1000,49,250.66282746310003,0.05,1.0,top_down,2251,127,,
1000,49,250.66282746310003,0.05,1.0,bottom_up,1768,127,,
1000,49,250.66282746310003,0.05,1.0,incremental,1660,127,,
25,0,28.024956081989643,0.1,1.0,top_down,49,7,,
25,0,28.024956081989643,0.1,1.0,bottom_up,34,7,,
25,0,28.024956081989643,0.1,1.0,incremental,20,7,,
25,1,28.024956081989643,0.1,1.0,top_down,35,6,,
25,1,28.024956081989643,0.1,1.0,bottom_up,27,6,,
25,1,28.024956081989643,0.1,1.0,incremental,14,6,,
25,2,28.024956081989643,0.1,1.0,top_down,26,2,,
25,2,28.024956081989643,0.1,1.0,bottom_up,25,2,,
25,2,28.024956081989643,0.1,1.0,incremental,19,2,,
25,3,28.024956081989643,0.1,1.0,top_down,57,7,,
25,3,28.024956081989643,0.1,1.0,bottom_up,17,7,,
25,3,28.024956081989643,0.1,1.0,incremental,18,7,,
25,4,28.024956081989643,0.1,1.0,top_down,50,8,,
25,4,28.024956081989643,0.1,1.0,bottom_up,18,8,,
25,4,28.024956081989643,0.1,1.0,incremental,30,8,,
25,5,28.024956081989643,0.1,1.0,top_down,43,5,,
25,5,28.024956081989643,0.1,1.0,bottom_up,40,5,,
25,5,28.024956081989643,0.1,1.0,incremental,17,5,,
25,6,28.024956081989643,0.1,1.0,top_down,63,5,,
25,6,28.024956081989643,0.1,1.0,bottom_up,32,5,,
25,6,28.024956081989643,0.1,1.0,incremental,20,5,,
25,7,28.024956081989643,0.1,1.0,top_down,55,7,,
25,7,28.024956081989643,0.1,1.0,bottom_up,15,7,,
25,7,28.024956081989643,0.1,1.0,incremental,16,7,,
25,8,28.024956081989643,0.1,1.0,top_down,47,4,,
25,8,28.024956081989643,0.1,1.0,bottom_up,27,4,,
25,8,28.024956081989643,0.1,1.0,incremental,28,4,,
25,9,28.024956081989643,0.1,1.0,top_down,44,13,,
25,9,28.024956081989643,0.1,1.0,bottom_up,20,13,,
25,9,28.024956081989643,0.1,1.0,incremental,28,13,,
25,10,28.024956081989643,0.1,1.0,top_down,26,4,,
25,10,28.024956081989643,0.1,1.0,bottom_up,36,4,,
25,10,28.024956081989643,0.1,1.0,incremental,30,4,,
25,11,28.024956081989643,0.1,1.0,top_down,50,8,,
25,11,28.024956081989643,0.1,1.0,bottom_up,31,8,,
25,11,28.024956081989643,0.1,1.0,incremental,25,8,,
25,12,28.024956081989643,0.1,1.0,top_down,53,4,,
25,12,28.024956081989643,0.1,1.0,bottom_up,22,4,,
25,12,28.024956081989643,0.1,1.0,incremental,15,4,,
25,13,28.024956081989643,0.1,1.0,top_down,54,8,,
25,13,28.024956081989643,0.1,1.0,bottom_up,22,8,,
25,13,28.024956081989643,0.1,1.0,incremental,24,8,,
25,14,28.024956081989643,0.1,1.0,top_down,50,3,,
25,14,28.024956081989643,0.1,1.0,bottom_up,33,3,,
25,14,28.024956081989643,0.1,1.0,incremental,19,3,,
25,15,28.024956081989643,0.1,1.0,top_down,55,7,,
25,15,28.024956081989643,0.1,1.0,bottom_up,21,7,,
25,15,28.024956081989643,0.1,1.0,incremental,30,7,,
25,16,28.024956081989643,0.1,1.0,top_down,33,4,,
25,16,28.024956081989643,0.1,1.0,bottom_up,29,4,,
25,16,28.024956081989643,0.1,1.0,incremental,23,4,,
25,17,28.024956081989643,0.1,1.0,top_down,57,6,,
25,17,28.024956081989643,0.1,1.0,bottom_up,22,6,,
25,17,28.024956081989643,0.1,1.0,incremental,30,6,,
25,18,28.024956081989643,0.1,1.0,top_down,40,5,,
25,18,28.024956081989643,0.1,1.0,bottom_up,35,5,,
25,18,28.024956081989643,0.1,1.0,incremental,24,5,,
25,19,28.024956081989643,0.1,1.0,top_down,30,7,,
25,19,28.024956081989643,0.1,1.0,bottom_up,40,7,,
25,19,28.024956081989643,0.1,1.0,incremental,23,7,,
25,20,28.024956081989643,0.1,1.0,top_down,46,4,,
25,20,28.024956081989643,0.1,1.0,bottom_up,19,4,,
25,20,28.024956081989643,0.1,1.0,incremental,31,4,,
25,21,28.024956081989643,0.1,1.0,top_down,56,13,,
25,21,28.024956081989643,0.1,1.0,bottom_up,24,13,,
25,21,28.024956081989643,0.1,1.0,incremental,43,13,,
25,22,28.024956081989643,0.1,1.0,top_down,33,5,,
25,22,28.024956081989643,0.1,1.0,bottom_up,28,5,,
25,22,28.024956081989643,0.1,1.0,incremental,20,5,,
25,23,28.024956081989643,0.1,1.0,top_down,36,5,,
25,23,28.024956081989643,0.1,1.0,bottom_up,26,5,,
25,23,28.024956081989643,0.1,1.0,incremental,26,5,,
25,24,28.024956081989643,0.1,1.0,top_down,53,3,,
25,24,28.024956081989643,0.1,1.0,bottom_up,34,3,,
25,24,28.024956081989643,0.1,1.0,incremental,33,3,,
25,25,28.024956081989643,0.1,1.0,top_down,61,4,,
25,25,28.024956081989643,0.1,1.0,bottom_up,20,4,,
25,25,28.024956081989643,0.1,1.0,incremental,21,4,,
25,26,28.024956081989643,0.1,1.0,top_down,39,8,,
25,26,28.024956081989643,0.1,1.0,bottom_up,30,8,,
25,26,28.024956081989643,0.1,1.0,incremental,25,8,,
25,27,28.024956081989643,0.1,1.0,top_down,46,2,,
25,27,28.024956081989643,0.1,1.0,bottom_up,18,2,,
25,27,28.024956081989643,0.1,1.0,incremental,51,2,,
25,28,28.024956081989643,0.1,1.0,top_down,59,7,,
25,28,28.024956081989643,0.1,1.0,bottom_up,16,7,,
25,28,28.024956081989643,0.1,1.0,incremental,29,7,,
25,29,28.024956081989643,0.1,1.0,top_down,38,4,,
25,29,28.024956081989643,0.1,1.0,bottom_up,30,4,,
25,29,28.024956081989643,0.1,1.0,incremental,18,4,,
25,30,28.024956081989643,0.1,1.0,top_down,63,6,,
25,30,28.024956081989643,0.1,1.0,bottom_up,32,6,,
25,30,28.024956081989643,0.1,1.0,incremental,22,6,,
25,31,28.024956081989643,0.1,1.0,top_down,54,14,,
25,31,28.024956081989643,0.1,1.0,bottom_up,32,14,,
25,31,28.024956081989643,0.1,1.0,incremental,26,14,,
25,32,28.024956081989643,0.1,1.0,top_down,22,2,,
25,32,28.024956081989643,0.1,1.0,bottom_up,28,2,,
25,32,28.024956081989643,0.1,1.0,incremental,15,2,,
25,33,28.024956081989643,0.1,1.0,top_down,49,10,,
25,33,28.024956081989643,0.1,1.0,bottom_up,16,10,,
25,33,28.024956081989643,0.1,1.0,incremental,27,10,,
25,34,28.024956081989643,0.1,1.0,top_down,33,10,,
25,34,28.024956081989643,0.1,1.0,bottom_up,26,10,,
25,34,28.024956081989643,0.1,1.0,incremental,24,10,,
25,35,28.024956081989643,0.1,1.0,top_down,62,5,,
25,35,28.024956081989643,0.1,1.0,bottom_up,16,5,,
25,35,28.024956081989643,0.1,1.0,incremental,33,5,,
25,36,28.024956081989643,0.1,1.0,top_down,47,4,,
25,36,28.024956081989643,0.1,1.0,bottom_up,29,4,,
25,36,28.024956081989643,0.1,1.0,incremental,27,4,,
25,37,28.024956081989643,0.1,1.0,top_down,58,7,,
25,37,28.024956081989643,0.1,1.0,bottom_up,26,7,,
25,37,28.024956081989643,0.1,1.0,incremental,27,7,,
25,38,28.024956081989643,0.1,1.0,top_down,55,8,,
25,38,28.024956081989643,0.1,1.0,bottom_up,22,8,,
25,38,28.024956081989643,0.1,1.0,incremental,33,8,,
25,39,28.024956081989643,0.1,1.0,top_down,57,7,,
25,39,28.024956081989643,0.1,1.0,bottom_up,25,7,,
25,39,28.024956081989643,0.1,1.0,incremental,29,7,,
25,40,28.024956081989643,0.1,1.0,top_down,33,8,,
25,40,28.024956081989643,0.1,1.0,bottom_up,25,8,,
25,40,28.024956081989643,0.1,1.0,incremental,23,8,,
25,41,28.024956081989643,0.1,1.0,top_down,58,9,,
25,41,28.024956081989643,0.1,1.0,bottom_up,24,9,,
25,41,28.024956081989643,0.1,1.0,incremental,27,9,,
25,42,28.024956081989643,0.1,1.0,top_down,33,5,,
25,42,28.024956081989643,0.1,1.0,bottom_up,28,5,,
25,42,28.024956081989643,0.1,1.0,incremental,23,5,,
25,43,28.024956081989643,0.1,1.0,top_down,30,11,,
25,43,28.024956081989643,0.1,1.0,bottom_up,30,11,,
25,43,28.024956081989643,0.1,1.0,incremental,31,11,,
25,44,28.024956081989643,0.1,1.0,top_down,55,6,,
25,44,28.024956081989643,0.1,1.0,bottom_up,20,6,,
25,44,28.024956081989643,0.1,1.0,incremental,19,6,,
25,45,28.024956081989643,0.1,1.0,top_down,36,4,,
25,45,28.024956081989643,0.1,1.0,bottom_up,25,4,,
25,45,28.024956081989643,0.1,1.0,incremental,34,4,,
25,46,28.024956081989643,0.1,1.0,top_down,39,8,,
25,46,28.024956081989643,0.1,1.0,bottom_up,22,8,,
25,46,28.024956081989643,0.1,1.0,incremental,24,8,,
25,47,28.024956081989643,0.1,1.0,top_down,36,8,,
25,47,28.024956081989643,0.1,1.0,bottom_up,26,8,,
25,47,28.024956081989643,0.1,1.0,incremental,20,8,,
25,48,28.024956081989643,0.1,1.0,top_down,43,9,,
25,48,28.024956081989643,0.1,1.0,bottom_up,39,9,,
25,48,28.024956081989643,0.1,1.0,incremental,45,9,,
25,49,28.024956081989643,0.1,1.0,top_down,50,8,,
25,49,28.024956081989643,0.1,1.0,bottom_up,24,8,,
25,49,28.024956081989643,0.1,1.0,incremental,24,8,,
50,0,39.633272976060105,0.1,1.0,top_down,115,14,,
50,0,39.633272976060105,0.1,1.0,bottom_up,64,14,,
50,0,39.633272976060105,0.1,1.0,incremental,40,14,,
50,1,39.633272976060105,0.1,1.0,top_down,81,13,,
50,1,39.633272976060105,0.1,1.0,bottom_up,69,13,,
50,1,39.633272976060105,0.1,1.0,incremental,75,13,,
50,2,39.633272976060105,0.1,1.0,top_down,99,17,,
50,2,39.633272976060105,0.1,1.0,bottom_up,78,17,,
50,2,39.633272976060105,0.1,1.0,incremental,60,17,,
50,3,39.633272976060105,0.1,1.0,top_down,90,13,,
50,3,39.633272976060105,0.1,1.0,bottom_up,69,13,,
50,3,39.633272976060105,0.1,1.0,incremental,43,13,,
50,4,39.633272976060105,0.1,1.0,top_down,90,11,,
50,4,39.633272976060105,0.1,1.0,bottom_up,57,11,,
50,4,39.633272976060105,0.1,1.0,incremental,61,11,,
50,5,39.633272976060105,0.1,1.0,top_down,131,12,,
50,5,39.633272976060105,0.1,1.0,bottom_up,68,12,,
50,5,39.633272976060105,0.1,1.0,incremental,69,12,,
50,6,39.633272976060105,0.1,1.0,top_down,77,10,,
50,6,39.633272976060105,0.1,1.0,bottom_up,48,10,,
50,6,39.633272976060105,0.1,1.0,incremental,66,10,,
50,7,39.633272976060105,0.1,1.0,top_down,90,15,,
50,7,39.633272976060105,0.1,1.0,bottom_up,90,15,,
50,7,39.633272976060105,0.1,1.0,incremental,78,15,,
50,8,39.633272976060105,0.1,1.0,top_down,128,14,,
50,8,39.633272976060105,0.1,1.0,bottom_up,58,14,,
50,8,39.633272976060105,0.1,1.0,incremental,79,14,,
50,9,39.633272976060105,0.1,1.0,top_down,78,8,,
50,9,39.633272976060105,0.1,1.0,bottom_up,78,8,,
50,9,39.633272976060105,0.1,1.0,incremental,61,8,,
50,10,39.633272976060105,0.1,1.0,top_down,126,14,,
50,10,39.633272976060105,0.1,1.0,bottom_up,83,14,,
50,10,39.633272976060105,0.1,1.0,incremental,70,14,,
50,11,39.633272976060105,0.1,1.0,top_down,98,12,,
50,11,39.633272976060105,0.1,1.0,bottom_up,77,12,,
50,11,39.633272976060105,0.1,1.0,incremental,59,12,,
50,12,39.633272976060105,0.1,1.0,top_down,116,10,,
50,12,39.633272976060105,0.1,1.0,bottom_up,84,10,,
50,12,39.633272976060105,0.1,1.0,incremental,91,10,,
50,13,39.633272976060105,0.1,1.0,top_down,107,13,,
50,13,39.633272976060105,0.1,1.0,bottom_up,77,13,,
50,13,39.633272976060105,0.1,1.0,incremental,45,13,,
50,14,39.633272976060105,0.1,1.0,top_down,112,6,,
50,14,39.633272976060105,0.1,1.0,bottom_up,60,6,,
50,14,39.633272976060105,0.1,1.0,incremental,59,6,,
50,15,39.633272976060105,0.1,1.0,top_down,98,12,,
50,15,39.633272976060105,0.1,1.0,bottom_up,69,12,,
50,15,39.633272976060105,0.1,1.0,incremental,38,12,,
50,16,39.633272976060105,0.1,1.0,top_down,89,11,,
50,16,39.633272976060105,0.1,1.0,bottom_up,60,11,,
50,16,39.633272976060105,0.1,1.0,incremental,78,11,,
50,17,39.633272976060105,0.1,1.0,top_down,78,8,,
50,17,39.633272976060105,0.1,1.0,bottom_up,65,8,,
50,17,39.633272976060105,0.1,1.0,incremental,70,8,,
50,18,39.633272976060105,0.1,1.0,top_down,89,9,,
50,18,39.633272976060105,0.1,1.0,bottom_up,45,9,,
50,18,39.633272976060105,0.1,1.0,incremental,78,9,,
50,19,39.633272976060105,0.1,1.0,top_down,90,17,,
50,19,39.633272976060105,0.1,1.0,bottom_up,47,17,,
50,19,39.633272976060105,0.1,1.0,incremental,60,17,,
50,20,39.633272976060105,0.1,1.0,top_down,111,15,,
50,20,39.633272976060105,0.1,1.0,bottom_up,51,15,,
50,20,39.633272976060105,0.1,1.0,incremental,71,15,,
50,21,39.633272976060105,0.1,1.0,top_down,107,11,,
50,21,39.633272976060105,0.1,1.0,bottom_up,91,11,,
50,21,39.633272976060105,0.1,1.0,incremental,70,11,,
50,22,39.633272976060105,0.1,1.0,top_down,139,16,,
50,22,39.633272976060105,0.1,1.0,bottom_up,57,16,,
50,22,39.633272976060105,0.1,1.0,incremental,47,16,,
50,23,39.633272976060105,0.1,1.0,top_down,97,17,,
50,23,39.633272976060105,0.1,1.0,bottom_up,64,17,,
50,23,39.633272976060105,0.1,1.0,incremental,36,17,,
50,24,39.633272976060105,0.1,1.0,top_down,111,15,,
50,24,39.633272976060105,0.1,1.0,bottom_up,71,15,,
50,24,39.633272976060105,0.1,1.0,incremental,48,15,,
50,25,39.633272976060105,0.1,1.0,top_down,75,7,,
50,25,39.633272976060105,0.1,1.0,bottom_up,71,7,,
50,25,39.633272976060105,0.1,1.0,incremental,85,7,,
50,26,39.633272976060105,0.1,1.0,top_down,114,20,,
50,26,39.633272976060105,0.1,1.0,bottom_up,55,20,,
50,26,39.633272976060105,0.1,1.0,incremental,91,20,,
50,27,39.633272976060105,0.1,1.0,top_down,74,12,,
50,27,39.633272976060105,0.1,1.0,bottom_up,70,12,,
50,27,39.633272976060105,0.1,1.0,incremental,62,12,,
50,28,39.633272976060105,0.1,1.0,top_down,100,10,,
50,28,39.633272976060105,0.1,1.0,bottom_up,68,10,,
50,28,39.633272976060105,0.1,1.0,incremental,55,10,,
50,29,39.633272976060105,0.1,1.0,top_down,108,8,,
50,29,39.633272976060105,0.1,1.0,bottom_up,47,8,,
50,29,39.633272976060105,0.1,1.0,incremental,53,8,,
50,30,39.633272976060105,0.1,1.0,top_down,134,15,,
50,30,39.633272976060105,0.1,1.0,bottom_up,63,15,,
50,30,39.633272976060105,0.1,1.0,incremental,54,15,,
50,31,39.633272976060105,0.1,1.0,top_down,98,12,,
50,31,39.633272976060105,0.1,1.0,bottom_up,63,12,,
50,31,39.633272976060105,0.1,1.0,incremental,85,12,,
50,32,39.633272976060105,0.1,1.0,top_down,97,11,,
50,32,39.633272976060105,0.1,1.0,bottom_up,75,11,,
50,32,39.633272976060105,0.1,1.0,incremental,77,11,,
50,33,39.633272976060105,0.1,1.0,top_down,121,12,,
50,33,39.633272976060105,0.1,1.0,bottom_up,59,12,,
50,33,39.633272976060105,0.1,1.0,incremental,78,12,,
50,34,39.633272976060105,0.1,1.0,top_down,127,15,,
50,34,39.633272976060105,0.1,1.0,bottom_up,74,15,,
50,34,39.633272976060105,0.1,1.0,incremental,79,15,,
50,35,39.633272976060105,0.1,1.0,top_down,99,14,,
50,35,39.633272976060105,0.1,1.0,bottom_up,49,14,,
50,35,39.633272976060105,0.1,1.0,incremental,62,14,,
50,36,39.633272976060105,0.1,1.0,top_down,99,12,,
50,36,39.633272976060105,0.1,1.0,bottom_up,59,12,,
50,36,39.633272976060105,0.1,1.0,incremental,67,12,,
50,37,39.633272976060105,0.1,1.0,top_down,127,12,,
50,37,39.633272976060105,0.1,1.0,bottom_up,79,12,,
50,37,39.633272976060105,0.1,1.0,incremental,88,12,,
50,38,39.633272976060105,0.1,1.0,top_down,130,18,,
50,38,39.633272976060105,0.1,1.0,bottom_up,59,18,,
50,38,39.633272976060105,0.1,1.0,incremental,69,18,,
50,39,39.633272976060105,0.1,1.0,top_down,101,14,,
50,39,39.633272976060105,0.1,1.0,bottom_up,57,14,,
50,39,39.633272976060105,0.1,1.0,incremental,68,14,,
50,40,39.633272976060105,0.1,1.0,top_down,123,15,,
50,40,39.633272976060105,0.1,1.0,bottom_up,62,15,,
50,40,39.633272976060105,0.1,1.0,incremental,68,15,,
50,41,39.633272976060105,0.1,1.0,top_down,102,11,,
50,41,39.633272976060105,0.1,1.0,bottom_up,78,11,,
50,41,39.633272976060105,0.1,1.0,incremental,85,11,,
50,42,39.633272976060105,0.1,1.0,top_down,81,9,,
50,42,39.633272976060105,0.1,1.0,bottom_up,57,9,,
50,42,39.633272976060105,0.1,1.0,incremental,53,9,,
50,43,39.633272976060105,0.1,1.0,top_down,94,13,,
50,43,39.633272976060105,0.1,1.0,bottom_up,48,13,,
50,43,39.633272976060105,0.1,1.0,incremental,60,13,,
50,44,39.633272976060105,0.1,1.0,top_down,132,19,,
50,44,39.633272976060105,0.1,1.0,bottom_up,50,19,,
50,44,39.633272976060105,0.1,1.0,incremental,78,19,,
50,45,39.633272976060105,0.1,1.0,top_down,112,9,,
50,45,39.633272976060105,0.1,1.0,bottom_up,66,9,,
50,45,39.633272976060105,0.1,1.0,incremental,83,9,,
50,46,39.633272976060105,0.1,1.0,top_down,112,20,,
50,46,39.633272976060105,0.1,1.0,bottom_up,57,20,,
50,46,39.633272976060105,0.1,1.0,incremental,87,20,,
50,47,39.633272976060105,0.1,1.0,top_down,123,23,,
50,47,39.633272976060105,0.1,1.0,bottom_up,91,23,,
50,47,39.633272976060105,0.1,1.0,incremental,83,23,,
50,48,39.633272976060105,0.1,1.0,top_down,107,12,,
50,48,39.633272976060105,0.1,1.0,bottom_up,76,12,,
50,48,39.633272976060105,0.1,1.0,incremental,87,12,,
50,49,39.633272976060105,0.1,1.0,top_down,119,15,,
50,49,39.633272976060105,0.1,1.0,bottom_up,50,15,,
50,49,39.633272976060105,0.1,1.0,incremental,66,15,,
100,0,56.049912163979286,0.1,1.0,top_down,223,20,,
100,0,56.049912163979286,0.1,1.0,bottom_up,105,20,,
100,0,56.049912163979286,0.1,1.0,incremental,189,20,,
100,1,56.049912163979286,0.1,1.0,top_down,265,30,,
100,1,56.049912163979286,0.1,1.0,bottom_up,148,30,,
100,1,56.049912163979286,0.1,1.0,incremental,145,30,,
100,2,56.049912163979286,0.1,1.0,top_down,253,26,,
100,2,56.049912163979286,0.1,1.0,bottom_up,112,26,,
100,2,56.049912163979286,0.1,1.0,incremental,152,26,,
100,3,56.049912163979286,0.1,1.0,top_down,257,26,,
100,3,56.049912163979286,0.1,1.0,bottom_up,174,26,,
100,3,56.049912163979286,0.1,1.0,incremental,127,26,,
100,4,56.049912163979286,0.1,1.0,top_down,258,19,,
100,4,56.049912163979286,0.1,1.0,bottom_up,145,19,,
100,4,56.049912163979286,0.1,1.0,incremental,189,19,,
100,5,56.049912163979286,0.1,1.0,top_down,215,21,,
100,5,56.049912163979286,0.1,1.0,bottom_up,137,21,,
100,5,56.049912163979286,0.1,1.0,incremental,92,21,,
100,6,56.049912163979286,0.1,1.0,top_down,244,21,,
100,6,56.049912163979286,0.1,1.0,bottom_up,125,21,,
100,6,56.049912163979286,0.1,1.0,incremental,145,21,,
100,7,56.049912163979286,0.1,1.0,top_down,262,27,,
100,7,56.049912163979286,0.1,1.0,bottom_up,113,27,,
100,7,56.049912163979286,0.1,1.0,incremental,280,27,,
100,8,56.049912163979286,0.1,1.0,top_down,208,31,,
100,8,56.049912163979286,0.1,1.0,bottom_up,124,31,,
100,8,56.049912163979286,0.1,1.0,incremental,115,31,,
100,9,56.049912163979286,0.1,1.0,top_down,218,22,,
100,9,56.049912163979286,0.1,1.0,bottom_up,170,22,,
100,9,56.049912163979286,0.1,1.0,incremental,196,22,,
100,10,56.049912163979286,0.1,1.0,top_down,193,24,,
100,10,56.049912163979286,0.1,1.0,bottom_up,145,24,,
100,10,56.049912163979286,0.1,1.0,incremental,113,24,,
100,11,56.049912163979286,0.1,1.0,top_down,214,24,,
100,11,56.049912163979286,0.1,1.0,bottom_up,192,24,,
100,11,56.049912163979286,0.1,1.0,incremental,187,24,,
100,12,56.049912163979286,0.1,1.0,top_down,239,32,,
100,12,56.049912163979286,0.1,1.0,bottom_up,158,32,,
100,12,56.049912163979286,0.1,1.0,incremental,168,32,,
100,13,56.049912163979286,0.1,1.0,top_down,325,23,,
100,13,56.049912163979286,0.1,1.0,bottom_up,160,23,,
100,13,56.049912163979286,0.1,1.0,incremental,145,23,,
100,14,56.049912163979286,0.1,1.0,top_down,199,19,,
100,14,56.049912163979286,0.1,1.0,bottom_up,124,19,,
100,14,56.049912163979286,0.1,1.0,incremental,151,19,,
100,15,56.049912163979286,0.1,1.0,top_down,270,27,,
100,15,56.049912163979286,0.1,1.0,bottom_up,169,27,,
100,15,56.049912163979286,0.1,1.0,incremental,128,27,,
100,16,56.049912163979286,0.1,1.0,top_down,224,26,,
100,16,56.049912163979286,0.1,1.0,bottom_up,102,26,,
100,16,56.049912163979286,0.1,1.0,incremental,147,26,,
100,17,56.049912163979286,0.1,1.0,top_down,255,33,,
100,17,56.049912163979286,0.1,1.0,bottom_up,152,33,,
100,17,56.049912163979286,0.1,1.0,incremental,153,33,,
100,18,56.049912163979286,0.1,1.0,top_down,261,32,,
100,18,56.049912163979286,0.1,1.0,bottom_up,182,32,,
100,18,56.049912163979286,0.1,1.0,incremental,179,32,,
100,19,56.049912163979286,0.1,1.0,top_down,242,20,,
100,19,56.049912163979286,0.1,1.0,bottom_up,131,20,,
100,19,56.049912163979286,0.1,1.0,incremental,225,20,,
100,20,56.049912163979286,0.1,1.0,top_down,230,23,,
100,20,56.049912163979286,0.1,1.0,bottom_up,146,23,,
100,20,56.049912163979286,0.1,1.0,incremental,178,23,,
100,21,56.049912163979286,0.1,1.0,top_down,192,20,,
100,21,56.049912163979286,0.1,1.0,bottom_up,122,20,,
100,21,56.049912163979286,0.1,1.0,incremental,197,20,,
100,22,56.049912163979286,0.1,1.0,top_down,265,28,,
100,22,56.049912163979286,0.1,1.0,bottom_up,137,28,,
100,22,56.049912163979286,0.1,1.0,incremental,161,28,,
100,23,56.049912163979286,0.1,1.0,top_down,254,28,,
100,23,56.049912163979286,0.1,1.0,bottom_up,140,28,,
100,23,56.049912163979286,0.1,1.0,incremental,154,28,,
100,24,56.049912163979286,0.1,1.0,top_down,243,19,,
100,24,56.049912163979286,0.1,1.0,bottom_up,118,19,,
100,24,56.049912163979286,0.1,1.0,incremental,167,19,,
100,25,56.049912163979286,0.1,1.0,top_down,294,23,,
100,25,56.049912163979286,0.1,1.0,bottom_up,146,23,,
100,25,56.049912163979286,0.1,1.0,incremental,189,23,,
100,26,56.049912163979286,0.1,1.0,top_down,240,24,,
100,26,56.049912163979286,0.1,1.0,bottom_up,176,24,,
100,26,56.049912163979286,0.1,1.0,incremental,123,24,,
100,27,56.049912163979286,0.1,1.0,top_down,230,25,,
100,27,56.049912163979286,0.1,1.0,bottom_up,139,25,,
100,27,56.049912163979286,0.1,1.0,incremental,114,25,,
100,28,56.049912163979286,0.1,1.0,top_down,272,28,,
100,28,56.049912163979286,0.1,1.0,bottom_up,135,28,,
100,28,56.049912163979286,0.1,1.0,incremental,178,28,,
100,29,56.049912163979286,0.1,1.0,top_down,284,27,,
100,29,56.049912163979286,0.1,1.0,bottom_up,136,27,,
100,29,56.049912163979286,0.1,1.0,incremental,92,27,,
100,30,56.049912163979286,0.1,1.0,top_down,208,31,,
100,30,56.049912163979286,0.1,1.0,bottom_up,149,31,,
100,30,56.049912163979286,0.1,1.0,incremental,153,31,,
100,31,56.049912163979286,0.1,1.0,top_down,253,26,,
100,31,56.049912163979286,0.1,1.0,bottom_up,151,26,,
100,31,56.049912163979286,0.1,1.0,incremental,206,26,,
100,32,56.049912163979286,0.1,1.0,top_down,189,28,,
100,32,56.049912163979286,0.1,1.0,bottom_up,143,28,,
100,32,56.049912163979286,0.1,1.0,incremental,129,28,,
100,33,56.049912163979286,0.1,1.0,top_down,287,31,,
100,33,56.049912163979286,0.1,1.0,bottom_up,140,31,,
100,33,56.049912163979286,0.1,1.0,incremental,141,31,,
100,34,56.049912163979286,0.1,1.0,top_down,278,32,,
100,34,56.049912163979286,0.1,1.0,bottom_up,144,32,,
100,34,56.049912163979286,0.1,1.0,incremental,130,32,,
100,35,56.049912163979286,0.1,1.0,top_down,217,29,,
100,35,56.049912163979286,0.1,1.0,bottom_up,132,29,,
100,35,56.049912163979286,0.1,1.0,incremental,180,29,,
100,36,56.049912163979286,0.1,1.0,top_down,252,26,,
100,36,56.049912163979286,0.1,1.0,bottom_up,113,26,,
100,36,56.049912163979286,0.1,1.0,incremental,91,26,,
100,37,56.049912163979286,0.1,1.0,top_down,215,22,,
100,37,56.049912163979286,0.1,1.0,bottom_up,143,22,,
100,37,56.049912163979286,0.1,1.0,incremental,137,22,,
100,38,56.049912163979286,0.1,1.0,top_down,251,20,,
100,38,56.049912163979286,0.1,1.0,bottom_up,143,20,,
100,38,56.049912163979286,0.1,1.0,incremental,190,20,,
100,39,56.049912163979286,0.1,1.0,top_down,244,29,,
100,39,56.049912163979286,0.1,1.0,bottom_up,150,29,,
100,39,56.049912163979286,0.1,1.0,incremental,170,29,,
100,40,56.049912163979286,0.1,1.0,top_down,193,23,,
100,40,56.049912163979286,0.1,1.0,bottom_up,148,23,,
100,40,56.049912163979286,0.1,1.0,incremental,125,23,,
100,41,56.049912163979286,0.1,1.0,top_down,276,25,,
100,41,56.049912163979286,0.1,1.0,bottom_up,180,25,,
100,41,56.049912163979286,0.1,1.0,incremental,135,25,,
100,42,56.049912163979286,0.1,1.0,top_down,250,24,,
100,42,56.049912163979286,0.1,1.0,bottom_up,168,24,,
100,42,56.049912163979286,0.1,1.0,incremental,197,24,,
100,43,56.049912163979286,0.1,1.0,top_down,265,31,,
100,43,56.049912163979286,0.1,1.0,bottom_up,145,31,,
100,43,56.049912163979286,0.1,1.0,incremental,190,31,,
100,44,56.049912163979286,0.1,1.0,top_down,258,29,,
100,44,56.049912163979286,0.1,1.0,bottom_up,126,29,,
100,44,56.049912163979286,0.1,1.0,incremental,159,29,,
100,45,56.049912163979286,0.1,1.0,top_down,236,24,,
100,45,56.049912163979286,0.1,1.0,bottom_up,131,24,,
100,45,56.049912163979286,0.1,1.0,incremental,173,24,,
100,46,56.049912163979286,0.1,1.0,top_down,212,24,,
100,46,56.049912163979286,0.1,1.0,bottom_up,144,24,,
100,46,56.049912163979286,0.1,1.0,incremental,208,24,,
100,47,56.049912163979286,0.1,1.0,top_down,241,20,,
100,47,56.049912163979286,0.1,1.0,bottom_up,138,20,,
100,47,56.049912163979286,0.1,1.0,incremental,152,20,,
100,48,56.049912163979286,0.1,1.0,top_down,213,30,,
100,48,56.049912163979286,0.1,1.0,bottom_up,113,30,,
100,48,56.049912163979286,0.1,1.0,incremental,179,30,,
100,49,56.049912163979286,0.1,1.0,top_down,240,27,,
100,49,56.049912163979286,0.1,1.0,bottom_up,201,27,,
100,49,56.049912163979286,0.1,1.0,incremental,154,27,,
200,0,79.26654595212021,0.1,1.0,top_down,495,43,,
200,0,79.26654595212021,0.1,1.0,bottom_up,370,43,,
200,0,79.26654595212021,0.1,1.0,incremental,353,43,,
200,1,79.26654595212021,0.1,1.0,top_down,546,56,,
200,1,79.26654595212021,0.1,1.0,bottom_up,311,56,,
200,1,79.26654595212021,0.1,1.0,incremental,294,56,,
200,2,79.26654595212021,0.1,1.0,top_down,527,49,,
200,2,79.26654595212021,0.1,1.0,bottom_up,303,49,,
200,2,79.26654595212021,0.1,1.0,incremental,399,49,,
200,3,79.26654595212021,0.1,1.0,top_down,443,51,,
200,3,79.26654595212021,0.1,1.0,bottom_up,306,51,,
200,3,79.26654595212021,0.1,1.0,incremental,386,51,,
200,4,79.26654595212021,0.1,1.0,top_down,512,48,,
200,4,79.26654595212021,0.1,1.0,bottom_up,314,48,,
200,4,79.26654595212021,0.1,1.0,incremental,309,48,,
200,5,79.26654595212021,0.1,1.0,top_down,491,47,,
200,5,79.26654595212021,0.1,1.0,bottom_up,330,47,,
200,5,79.26654595212021,0.1,1.0,incremental,362,47,,
200,6,79.26654595212021,0.1,1.0,top_down,566,58,,
200,6,79.26654595212021,0.1,1.0,bottom_up,340,58,,
200,6,79.26654595212021,0.1,1.0,incremental,366,58,,
200,7,79.26654595212021,0.1,1.0,top_down,506,42,,
200,7,79.26654595212021,0.1,1.0,bottom_up,355,42,,
200,7,79.26654595212021,0.1,1.0,incremental,383,42,,
200,8,79.26654595212021,0.1,1.0,top_down,588,62,,
200,8,79.26654595212021,0.1,1.0,bottom_up,287,62,,
200,8,79.26654595212021,0.1,1.0,incremental,417,62,,
200,9,79.26654595212021,0.1,1.0,top_down,461,60,,
200,9,79.26654595212021,0.1,1.0,bottom_up,287,60,,
200,9,79.26654595212021,0.1,1.0,incremental,367,60,,
200,10,79.26654595212021,0.1,1.0,top_down,502,46,,
200,10,79.26654595212021,0.1,1.0,bottom_up,264,46,,
200,10,79.26654595212021,0.1,1.0,incremental,262,46,,
200,11,79.26654595212021,0.1,1.0,top_down,621,54,,
200,11,79.26654595212021,0.1,1.0,bottom_up,254,54,,
200,11,79.26654595212021,0.1,1.0,incremental,449,54,,
200,12,79.26654595212021,0.1,1.0,top_down,518,54,,
200,12,79.26654595212021,0.1,1.0,bottom_up,340,54,,
200,12,79.26654595212021,0.1,1.0,incremental,431,54,,
200,13,79.26654595212021,0.1,1.0,top_down,483,48,,
200,13,79.26654595212021,0.1,1.0,bottom_up,328,48,,
200,13,79.26654595212021,0.1,1.0,incremental,358,48,,
200,14,79.26654595212021,0.1,1.0,top_down,506,51,,
200,14,79.26654595212021,0.1,1.0,bottom_up,338,51,,
200,14,79.26654595212021,0.1,1.0,incremental,365,51,,
200,15,79.26654595212021,0.1,1.0,top_down,506,60,,
200,15,79.26654595212021,0.1,1.0,bottom_up,290,60,,
200,15,79.26654595212021,0.1,1.0,incremental,420,60,,
200,16,79.26654595212021,0.1,1.0,top_down,535,55,,
200,16,79.26654595212021,0.1,1.0,bottom_up,338,55,,
200,16,79.26654595212021,0.1,1.0,incremental,412,55,,
200,17,79.26654595212021,0.1,1.0,top_down,613,55,,
200,17,79.26654595212021,0.1,1.0,bottom_up,324,55,,
200,17,79.26654595212021,0.1,1.0,incremental,312,55,,
200,18,79.26654595212021,0.1,1.0,top_down,582,60,,
200,18,79.26654595212021,0.1,1.0,bottom_up,307,60,,
200,18,79.26654595212021,0.1,1.0,incremental,435,60,,
200,19,79.26654595212021,0.1,1.0,top_down,561,67,,
200,19,79.26654595212021,0.1,1.0,bottom_up,278,67,,
200,19,79.26654595212021,0.1,1.0,incremental,370,67,,
200,20,79.26654595212021,0.1,1.0,top_down,472,53,,
200,20,79.26654595212021,0.1,1.0,bottom_up,318,53,,
200,20,79.26654595212021,0.1,1.0,incremental,353,53,,
200,21,79.26654595212021,0.1,1.0,top_down,551,44,,
200,21,79.26654595212021,0.1,1.0,bottom_up,321,44,,
200,21,79.26654595212021,0.1,1.0,incremental,317,44,,
200,22,79.26654595212021,0.1,1.0,top_down,556,66,,
200,22,79.26654595212021,0.1,1.0,bottom_up,311,66,,
200,22,79.26654595212021,0.1,1.0,incremental,330,66,,
200,23,79.26654595212021,0.1,1.0,top_down,558,47,,
200,23,79.26654595212021,0.1,1.0,bottom_up,335,47,,
200,23,79.26654595212021,0.1,1.0,incremental,367,47,,
200,24,79.26654595212021,0.1,1.0,top_down,532,52,,
200,24,79.26654595212021,0.1,1.0,bottom_up,311,52,,
200,24,79.26654595212021,0.1,1.0,incremental,355,52,,
200,25,79.26654595212021,0.1,1.0,top_down,497,51,,
200,25,79.26654595212021,0.1,1.0,bottom_up,257,51,,
200,25,79.26654595212021,0.1,1.0,incremental,269,51,,
200,26,79.26654595212021,0.1,1.0,top_down,589,58,,
200,26,79.26654595212021,0.1,1.0,bottom_up,306,58,,
200,26,79.26654595212021,0.1,1.0,incremental,296,58,,
200,27,79.26654595212021,0.1,1.0,top_down,552,55,,
200,27,79.26654595212021,0.1,1.0,bottom_up,390,55,,
200,27,79.26654595212021,0.1,1.0,incremental,324,55,,
200,28,79.26654595212021,0.1,1.0,top_down,595,56,,
200,28,79.26654595212021,0.1,1.0,bottom_up,343,56,,
200,28,79.26654595212021,0.1,1.0,incremental,522,56,,
200,29,79.26654595212021,0.1,1.0,top_down,491,41,,
200,29,79.26654595212021,0.1,1.0,bottom_up,307,41,,
200,29,79.26654595212021,0.1,1.0,incremental,313,41,,
200,30,79.26654595212021,0.1,1.0,top_down,616,44,,
200,30,79.26654595212021,0.1,1.0,bottom_up,272,44,,
200,30,79.26654595212021,0.1,1.0,incremental,284,44,,
200,31,79.26654595212021,0.1,1.0,top_down,525,51,,
200,31,79.26654595212021,0.1,1.0,bottom_up,286,51,,
200,31,79.26654595212021,0.1,1.0,incremental,293,51,,
200,32,79.26654595212021,0.1,1.0,top_down,583,47,,
200,32,79.26654595212021,0.1,1.0,bottom_up,258,47,,
200,32,79.26654595212021,0.1,1.0,incremental,343,47,,
200,33,79.26654595212021,0.1,1.0,top_down,531,41,,
200,33,79.26654595212021,0.1,1.0,bottom_up,314,41,,
200,33,79.26654595212021,0.1,1.0,incremental,347,41,,
200,34,79.26654595212021,0.1,1.0,top_down,522,62,,
200,34,79.26654595212021,0.1,1.0,bottom_up,281,62,,
200,34,79.26654595212021,0.1,1.0,incremental,356,62,,
200,35,79.26654595212021,0.1,1.0,top_down,576,55,,
200,35,79.26654595212021,0.1,1.0,bottom_up,316,55,,
200,35,79.26654595212021,0.1,1.0,incremental,318,55,,
200,36,79.26654595212021,0.1,1.0,top_down,628,61,,
200,36,79.26654595212021,0.1,1.0,bottom_up,324,61,,
200,36,79.26654595212021,0.1,1.0,incremental,368,61,,
200,37,79.26654595212021,0.1,1.0,top_down,542,57,,
200,37,79.26654595212021,0.1,1.0,bottom_up,319,57,,
200,37,79.26654595212021,0.1,1.0,incremental,392,57,,
200,38,79.26654595212021,0.1,1.0,top_down,601,58,,
200,38,79.26654595212021,0.1,1.0,bottom_up,324,58,,
200,38,79.26654595212021,0.1,1.0,incremental,378,58,,
200,39,79.26654595212021,0.1,1.0,top_down,586,57,,
200,39,79.26654595212021,0.1,1.0,bottom_up,367,57,,
200,39,79.26654595212021,0.1,1.0,incremental,369,57,,
200,40,79.26654595212021,0.1,1.0,top_down,387,51,,
200,40,79.26654595212021,0.1,1.0,bottom_up,245,51,,
200,40,79.26654595212021,0.1,1.0,incremental,360,51,,
200,41,79.26654595212021,0.1,1.0,top_down,577,56,,
200,41,79.26654595212021,0.1,1.0,bottom_up,282,56,,
200,41,79.26654595212021,0.1,1.0,incremental,521,56,,
200,42,79.26654595212021,0.1,1.0,top_down,491,56,,
200,42,79.26654595212021,0.1,1.0,bottom_up,329,56,,
200,42,79.26654595212021,0.1,1.0,incremental,293,56,,
200,43,79.26654595212021,0.1,1.0,top_down,599,59,,
200,43,79.26654595212021,0.1,1.0,bottom_up,313,59,,
200,43,79.26654595212021,0.1,1.0,incremental,354,59,,
200,44,79.26654595212021,0.1,1.0,top_down,506,60,,
200,44,79.26654595212021,0.1,1.0,bottom_up,289,60,,
200,44,79.26654595212021,0.1,1.0,incremental,301,60,,
200,45,79.26654595212021,0.1,1.0,top_down,512,51,,
200,45,79.26654595212021,0.1,1.0,bottom_up,304,51,,
200,45,79.26654595212021,0.1,1.0,incremental,283,51,,
200,46,79.26654595212021,0.1,1.0,top_down,536,59,,
200,46,79.26654595212021,0.1,1.0,bottom_up,323,59,,
200,46,79.26654595212021,0.1,1.0,incremental,390,59,,
200,47,79.26654595212021,0.1,1.0,top_down,601,46,,
200,47,79.26654595212021,0.1,1.0,bottom_up,329,46,,
200,47,79.26654595212021,0.1,1.0,incremental,293,46,,
200,48,79.26654595212021,0.1,1.0,top_down,600,33,,
200,48,79.26654595212021,0.1,1.0,bottom_up,343,33,,
200,48,79.26654595212021,0.1,1.0,incremental,393,33,,
200,49,79.26654595212021,0.1,1.0,top_down,465,51,,
200,49,79.26654595212021,0.1,1.0,bottom_up,280,51,,
200,49,79.26654595212021,0.1,1.0,incremental,358,51,,
500,0,125.33141373155001,0.1,1.0,top_down,1255,134,,
500,0,125.33141373155001,0.1,1.0,bottom_up,870,134,,
500,0,125.33141373155001,0.1,1.0,incremental,1041,134,,
500,1,125.33141373155001,0.1,1.0,top_down,1351,139,,
500,1,125.33141373155001,0.1,1.0,bottom_up,956,139,,
500,1,125.33141373155001,0.1,1.0,incremental,961,139,,
500,2,125.33141373155001,0.1,1.0,top_down,1323,129,,
500,2,125.33141373155001,0.1,1.0,bottom_up,874,129,,
500,2,125.33141373155001,0.1,1.0,incremental,1020,129,,
500,3,125.33141373155001,0.1,1.0,top_down,1319,135,,
500,3,125.33141373155001,0.1,1.0,bottom_up,797,135,,
500,3,125.33141373155001,0.1,1.0,incremental,1055,135,,
500,4,125.33141373155001,0.1,1.0,top_down,1367,133,,
500,4,125.33141373155001,0.1,1.0,bottom_up,856,133,,
500,4,125.33141373155001,0.1,1.0,incremental,1184,133,,
500,5,125.33141373155001,0.1,1.0,top_down,1367,111,,
500,5,125.33141373155001,0.1,1.0,bottom_up,918,111,,
500,5,125.33141373155001,0.1,1.0,incremental,872,111,,
500,6,125.33141373155001,0.1,1.0,top_down,1371,128,,
500,6,125.33141373155001,0.1,1.0,bottom_up,809,128,,
500,6,125.33141373155001,0.1,1.0,incremental,904,128,,
500,7,125.33141373155001,0.1,1.0,top_down,1379,123,,
500,7,125.33141373155001,0.1,1.0,bottom_up,933,123,,
500,7,125.33141373155001,0.1,1.0,incremental,923,123,,
500,8,125.33141373155001,0.1,1.0,top_down,1335,123,,
500,8,125.33141373155001,0.1,1.0,bottom_up,890,123,,
500,8,125.33141373155001,0.1,1.0,incremental,1087,123,,
500,9,125.33141373155001,0.1,1.0,top_down,1307,139,,
500,9,125.33141373155001,0.1,1.0,bottom_up,905,139,,
500,9,125.33141373155001,0.1,1.0,incremental,1162,139,,
500,10,125.33141373155001,0.1,1.0,top_down,1219,129,,
500,10,125.33141373155001,0.1,1.0,bottom_up,878,129,,
500,10,125.33141373155001,0.1,1.0,incremental,1194,129,,
500,11,125.33141373155001,0.1,1.0,top_down,1295,116,,
500,11,125.33141373155001,0.1,1.0,bottom_up,910,116,,
500,11,125.33141373155001,0.1,1.0,incremental,1138,116,,
500,12,125.33141373155001,0.1,1.0,top_down,1287,125,,
500,12,125.33141373155001,0.1,1.0,bottom_up,858,125,,
500,12,125.33141373155001,0.1,1.0,incremental,1112,125,,
500,13,125.33141373155001,0.1,1.0,top_down,1327,122,,
500,13,125.33141373155001,0.1,1.0,bottom_up,853,122,,
500,13,125.33141373155001,0.1,1.0,incremental,980,122,,
500,14,125.33141373155001,0.1,1.0,top_down,1331,124,,
500,14,125.33141373155001,0.1,1.0,bottom_up,933,124,,
500,14,125.33141373155001,0.1,1.0,incremental,1222,124,,
500,15,125.33141373155001,0.1,1.0,top_down,1411,133,,
500,15,125.33141373155001,0.1,1.0,bottom_up,894,133,,
500,15,125.33141373155001,0.1,1.0,incremental,1122,133,,
500,16,125.33141373155001,0.1,1.0,top_down,1251,117,,
500,16,125.33141373155001,0.1,1.0,bottom_up,818,117,,
500,16,125.33141373155001,0.1,1.0,incremental,1047,117,,
500,17,125.33141373155001,0.1,1.0,top_down,1315,131,,
500,17,125.33141373155001,0.1,1.0,bottom_up,920,131,,
500,17,125.33141373155001,0.1,1.0,incremental,973,131,,
500,18,125.33141373155001,0.1,1.0,top_down,1143,110,,
500,18,125.33141373155001,0.1,1.0,bottom_up,926,110,,
500,18,125.33141373155001,0.1,1.0,incremental,867,110,,
500,19,125.33141373155001,0.1,1.0,top_down,1239,117,,
500,19,125.33141373155001,0.1,1.0,bottom_up,1010,117,,
500,19,125.33141373155001,0.1,1.0,incremental,1204,117,,
500,20,125.33141373155001,0.1,1.0,top_down,1291,131,,
500,20,125.33141373155001,0.1,1.0,bottom_up,876,131,,
500,20,125.33141373155001,0.1,1.0,incremental,865,131,,
500,21,125.33141373155001,0.1,1.0,top_down,1235,121,,
500,21,125.33141373155001,0.1,1.0,bottom_up,856,121,,
500,21,125.33141373155001,0.1,1.0,incremental,1097,121,,
500,22,125.33141373155001,0.1,1.0,top_down,1307,114,,
500,22,125.33141373155001,0.1,1.0,bottom_up,861,114,,
500,22,125.33141373155001,0.1,1.0,incremental,1011,114,,
500,23,125.33141373155001,0.1,1.0,top_down,1203,128,,
500,23,125.33141373155001,0.1,1.0,bottom_up,847,128,,
500,23,125.33141373155001,0.1,1.0,incremental,892,128,,
500,24,125.33141373155001,0.1,1.0,top_down,1415,147,,
500,24,125.33141373155001,0.1,1.0,bottom_up,863,147,,
500,24,125.33141373155001,0.1,1.0,incremental,984,147,,
500,25,125.33141373155001,0.1,1.0,top_down,1483,118,,
500,25,125.33141373155001,0.1,1.0,bottom_up,924,118,,
500,25,125.33141373155001,0.1,1.0,incremental,933,118,,
500,26,125.33141373155001,0.1,1.0,top_down,1295,144,,
500,26,125.33141373155001,0.1,1.0,bottom_up,834,144,,
500,26,125.33141373155001,0.1,1.0,incremental,1359,144,,
500,27,125.33141373155001,0.1,1.0,top_down,1255,126,,
500,27,125.33141373155001,0.1,1.0,bottom_up,897,126,,
500,27,125.33141373155001,0.1,1.0,incremental,851,126,,
500,28,125.33141373155001,0.1,1.0,top_down,1439,132,,
500,28,125.33141373155001,0.1,1.0,bottom_up,919,132,,
500,28,125.33141373155001,0.1,1.0,incremental,816,132,,
500,29,125.33141373155001,0.1,1.0,top_down,1207,134,,
500,29,125.33141373155001,0.1,1.0,bottom_up,884,134,,
500,29,125.33141373155001,0.1,1.0,incremental,1074,134,,
500,30,125.33141373155001,0.1,1.0,top_down,1327,127,,
500,30,125.33141373155001,0.1,1.0,bottom_up,909,127,,
500,30,125.33141373155001,0.1,1.0,incremental,1054,127,,
500,31,125.33141373155001,0.1,1.0,top_down,1347,119,,
500,31,125.33141373155001,0.1,1.0,bottom_up,917,119,,
500,31,125.33141373155001,0.1,1.0,incremental,973,119,,
500,32,125.33141373155001,0.1,1.0,top_down,1295,119,,
500,32,125.33141373155001,0.1,1.0,bottom_up,827,119,,
500,32,125.33141373155001,0.1,1.0,incremental,920,119,,
500,33,125.33141373155001,0.1,1.0,top_down,1315,110,,
500,33,125.33141373155001,0.1,1.0,bottom_up,886,110,,
500,33,125.33141373155001,0.1,1.0,incremental,1027,110,,
500,34,125.33141373155001,0.1,1.0,top_down,1243,136,,
500,34,125.33141373155001,0.1,1.0,bottom_up,859,136,,
500,34,125.33141373155001,0.1,1.0,incremental,1172,136,,
500,35,125.33141373155001,0.1,1.0,top_down,1255,140,,
500,35,125.33141373155001,0.1,1.0,bottom_up,895,140,,
500,35,125.33141373155001,0.1,1.0,incremental,1181,140,,
500,36,125.33141373155001,0.1,1.0,top_down,1391,118,,
500,36,125.33141373155001,0.1,1.0,bottom_up,841,118,,
500,36,125.33141373155001,0.1,1.0,incremental,898,118,,
500,37,125.33141373155001,0.1,1.0,top_down,1167,130,,
500,37,125.33141373155001,0.1,1.0,bottom_up,890,130,,
500,37,125.33141373155001,0.1,1.0,incremental,846,130,,
500,38,125.33141373155001,0.1,1.0,top_down,1267,130,,
500,38,125.33141373155001,0.1,1.0,bottom_up,917,130,,
500,38,125.33141373155001,0.1,1.0,incremental,866,130,,
500,39,125.33141373155001,0.1,1.0,top_down,1523,134,,
500,39,125.33141373155001,0.1,1.0,bottom_up,776,134,,
500,39,125.33141373155001,0.1,1.0,incremental,984,134,,
500,40,125.33141373155001,0.1,1.0,top_down,1259,126,,
500,40,125.33141373155001,0.1,1.0,bottom_up,841,126,,
500,40,125.33141373155001,0.1,1.0,incremental,1019,126,,
500,41,125.33141373155001,0.1,1.0,top_down,1355,142,,
500,41,125.33141373155001,0.1,1.0,bottom_up,916,142,,
500,41,125.33141373155001,0.1,1.0,incremental,905,142,,
500,42,125.33141373155001,0.1,1.0,top_down,1255,121,,
500,42,125.33141373155001,0.1,1.0,bottom_up,983,121,,
500,42,125.33141373155001,0.1,1.0,incremental,1058,121,,
500,43,125.33141373155001,0.1,1.0,top_down,1355,115,,
500,43,125.33141373155001,0.1,1.0,bottom_up,883,115,,
500,43,125.33141373155001,0.1,1.0,incremental,1054,115,,
500,44,125.33141373155001,0.1,1.0,top_down,1363,130,,
500,44,125.33141373155001,0.1,1.0,bottom_up,874,130,,
500,44,125.33141373155001,0.1,1.0,incremental,1103,130,,
500,45,125.33141373155001,0.1,1.0,top_down,1287,135,,
500,45,125.33141373155001,0.1,1.0,bottom_up,925,135,,
500,45,125.33141373155001,0.1,1.0,incremental,814,135,,
500,46,125.33141373155001,0.1,1.0,top_down,1391,112,,
500,46,125.33141373155001,0.1,1.0,bottom_up,887,112,,
500,46,125.33141373155001,0.1,1.0,incremental,1126,112,,
500,47,125.33141373155001,0.1,1.0,top_down,1267,126,,
500,47,125.33141373155001,0.1,1.0,bottom_up,739,126,,
500,47,125.33141373155001,0.1,1.0,incremental,1036,126,,
500,48,125.33141373155001,0.1,1.0,top_down,1307,133,,
500,48,125.33141373155001,0.1,1.0,bottom_up,829,133,,
500,48,125.33141373155001,0.1,1.0,incremental,1082,133,,
500,49,125.33141373155001,0.1,1.0,top_down,1311,124,,
500,49,125.33141373155001,0.1,1.0,bottom_up,898,124,,
500,49,125.33141373155001,0.1,1.0,incremental,1055,124,,
1000,0,177.2453850905516,0.1,1.0,top_down,2855,269,,
1000,0,177.2453850905516,0.1,1.0,bottom_up,1900,269,,
1000,0,177.2453850905516,0.1,1.0,incremental,2513,269,,
1000,1,177.2453850905516,0.1,1.0,top_down,2899,257,,
1000,1,177.2453850905516,0.1,1.0,bottom_up,1869,257,,
1000,1,177.2453850905516,0.1,1.0,incremental,2326,257,,
1000,2,177.2453850905516,0.1,1.0,top_down,2835,303,,
1000,2,177.2453850905516,0.1,1.0,bottom_up,1849,303,,
1000,2,177.2453850905516,0.1,1.0,incremental,2220,303,,
1000,3,177.2453850905516,0.1,1.0,top_down,2899,245,,
1000,3,177.2453850905516,0.1,1.0,bottom_up,1882,245,,
1000,3,177.2453850905516,0.1,1.0,incremental,1986,245,,
1000,4,177.2453850905516,0.1,1.0,top_down,2639,263,,
1000,4,177.2453850905516,0.1,1.0,bottom_up,1738,263,,
1000,4,177.2453850905516,0.1,1.0,incremental,1999,263,,
1000,5,177.2453850905516,0.1,1.0,top_down,2755,281,,
1000,5,177.2453850905516,0.1,1.0,bottom_up,1811,281,,
1000,5,177.2453850905516,0.1,1.0,incremental,2178,281,,
1000,6,177.2453850905516,0.1,1.0,top_down,2667,255,,
1000,6,177.2453850905516,0.1,1.0,bottom_up,1700,255,,
1000,6,177.2453850905516,0.1,1.0,incremental,2027,255,,
1000,7,177.2453850905516,0.1,1.0,top_down,2783,250,,
1000,7,177.2453850905516,0.1,1.0,bottom_up,1820,250,,
1000,7,177.2453850905516,0.1,1.0,incremental,2204,250,,
1000,8,177.2453850905516,0.1,1.0,top_down,2883,254,,
1000,8,177.2453850905516,0.1,1.0,bottom_up,1938,254,,
1000,8,177.2453850905516,0.1,1.0,incremental,2442,254,,
1000,9,177.2453850905516,0.1,1.0,top_down,2839,279,,
1000,9,177.2453850905516,0.1,1.0,bottom_up,1851,279,,
1000,9,177.2453850905516,0.1,1.0,incremental,2193,279,,
1000,10,177.2453850905516,0.1,1.0,top_down,2623,270,,
1000,10,177.2453850905516,0.1,1.0,bottom_up,1965,270,,
1000,10,177.2453850905516,0.1,1.0,incremental,2173,270,,
1000,11,177.2453850905516,0.1,1.0,top_down,2902,258,,
1000,11,177.2453850905516,0.1,1.0,bottom_up,1838,258,,
1000,11,177.2453850905516,0.1,1.0,incremental,2056,258,,
1000,12,177.2453850905516,0.1,1.0,top_down,2523,242,,
1000,12,177.2453850905516,0.1,1.0,bottom_up,1894,242,,
1000,12,177.2453850905516,0.1,1.0,incremental,2614,242,,
1000,13,177.2453850905516,0.1,1.0,top_down,2991,276,,
1000,13,177.2453850905516,0.1,1.0,bottom_up,1824,276,,
1000,13,177.2453850905516,0.1,1.0,incremental,2629,276,,
1000,14,177.2453850905516,0.1,1.0,top_down,2655,258,,
1000,14,177.2453850905516,0.1,1.0,bottom_up,1779,258,,
1000,14,177.2453850905516,0.1,1.0,incremental,2309,258,,
1000,15,177.2453850905516,0.1,1.0,top_down,2671,231,,
1000,15,177.2453850905516,0.1,1.0,bottom_up,1860,231,,
1000,15,177.2453850905516,0.1,1.0,incremental,2124,231,,
1000,16,177.2453850905516,0.1,1.0,top_down,2867,264,,
1000,16,177.2453850905516,0.1,1.0,bottom_up,1824,264,,
1000,16,177.2453850905516,0.1,1.0,incremental,1942,264,,
1000,17,177.2453850905516,0.1,1.0,top_down,3039,283,,
1000,17,177.2453850905516,0.1,1.0,bottom_up,1825,283,,
1000,17,177.2453850905516,0.1,1.0,incremental,2025,283,,
1000,18,177.2453850905516,0.1,1.0,top_down,2659,259,,
1000,18,177.2453850905516,0.1,1.0,bottom_up,1872,259,,
1000,18,177.2453850905516,0.1,1.0,incremental,2346,259,,
1000,19,177.2453850905516,0.1,1.0,top_down,2695,248,,
1000,19,177.2453850905516,0.1,1.0,bottom_up,1830,248,,
1000,19,177.2453850905516,0.1,1.0,incremental,2162,248,,
1000,20,177.2453850905516,0.1,1.0,top_down,2643,277,,
1000,20,177.2453850905516,0.1,1.0,bottom_up,1871,277,,
1000,20,177.2453850905516,0.1,1.0,incremental,2592,277,,
1000,21,177.2453850905516,0.1,1.0,top_down,2931,251,,
1000,21,177.2453850905516,0.1,1.0,bottom_up,1890,251,,
1000,21,177.2453850905516,0.1,1.0,incremental,2050,251,,
1000,22,177.2453850905516,0.1,1.0,top_down,2783,258,,
1000,22,177.2453850905516,0.1,1.0,bottom_up,1808,258,,
1000,22,177.2453850905516,0.1,1.0,incremental,1980,258,,
1000,23,177.2453850905516,0.1,1.0,top_down,2979,266,,
1000,23,177.2453850905516,0.1,1.0,bottom_up,1821,266,,
1000,23,177.2453850905516,0.1,1.0,incremental,2430,266,,
1000,24,177.2453850905516,0.1,1.0,top_down,2779,279,,
1000,24,177.2453850905516,0.1,1.0,bottom_up,1785,279,,
1000,24,177.2453850905516,0.1,1.0,incremental,2274,279,,
1000,25,177.2453850905516,0.1,1.0,top_down,2767,249,,
1000,25,177.2453850905516,0.1,1.0,bottom_up,1752,249,,
1000,25,177.2453850905516,0.1,1.0,incremental,2087,249,,
1000,26,177.2453850905516,0.1,1.0,top_down,2811,281,,
1000,26,177.2453850905516,0.1,1.0,bottom_up,1903,281,,
1000,26,177.2453850905516,0.1,1.0,incremental,2027,281,,
1000,27,177.2453850905516,0.1,1.0,top_down,2847,260,,
1000,27,177.2453850905516,0.1,1.0,bottom_up,1825,260,,
1000,27,177.2453850905516,0.1,1.0,incremental,2159,260,,
1000,28,177.2453850905516,0.1,1.0,top_down,2743,270,,
1000,28,177.2453850905516,0.1,1.0,bottom_up,1855,270,,
1000,28,177.2453850905516,0.1,1.0,incremental,1895,270,,
1000,29,177.2453850905516,0.1,1.0,top_down,2799,257,,
1000,29,177.2453850905516,0.1,1.0,bottom_up,1810,257,,
1000,29,177.2453850905516,0.1,1.0,incremental,1938,257,,
1000,30,177.2453850905516,0.1,1.0,top_down,2903,237,,
1000,30,177.2453850905516,0.1,1.0,bottom_up,1899,237,,
1000,30,177.2453850905516,0.1,1.0,incremental,2236,237,,
1000,31,177.2453850905516,0.1,1.0,top_down,2635,248,,
1000,31,177.2453850905516,0.1,1.0,bottom_up,1847,248,,
1000,31,177.2453850905516,0.1,1.0,incremental,2045,248,,
1000,32,177.2453850905516,0.1,1.0,top_down,2767,250,,
1000,32,177.2453850905516,0.1,1.0,bottom_up,1828,250,,
1000,32,177.2453850905516,0.1,1.0,incremental,1742,250,,
1000,33,177.2453850905516,0.1,1.0,top_down,2803,269,,
1000,33,177.2453850905516,0.1,1.0,bottom_up,1832,269,,
1000,33,177.2453850905516,0.1,1.0,incremental,2089,269,,
1000,34,177.2453850905516,0.1,1.0,top_down,2999,289,,
1000,34,177.2453850905516,0.1,1.0,bottom_up,1807,289,,
1000,34,177.2453850905516,0.1,1.0,incremental,2195,289,,
1000,35,177.2453850905516,0.1,1.0,top_down,2811,262,,
1000,35,177.2453850905516,0.1,1.0,bottom_up,1924,262,,
1000,35,177.2453850905516,0.1,1.0,incremental,2273,262,,
1000,36,177.2453850905516,0.1,1.0,top_down,2843,248,,
1000,36,177.2453850905516,0.1,1.0,bottom_up,1797,248,,
1000,36,177.2453850905516,0.1,1.0,incremental,2087,248,,
1000,37,177.2453850905516,0.1,1.0,top_down,2639,258,,
1000,37,177.2453850905516,0.1,1.0,bottom_up,1866,258,,
1000,37,177.2453850905516,0.1,1.0,incremental,2371,258,,
1000,38,177.2453850905516,0.1,1.0,top_down,2891,250,,
1000,38,177.2453850905516,0.1,1.0,bottom_up,1804,250,,
1000,38,177.2453850905516,0.1,1.0,incremental,2323,250,,
1000,39,177.2453850905516,0.1,1.0,top_down,2815,257,,
1000,39,177.2453850905516,0.1,1.0,bottom_up,1849,257,,
1000,39,177.2453850905516,0.1,1.0,incremental,1835,257,,
1000,40,177.2453850905516,0.1,1.0,top_down,2975,262,,
1000,40,177.2453850905516,0.1,1.0,bottom_up,1801,262,,
1000,40,177.2453850905516,0.1,1.0,incremental,2209,262,,
1000,41,177.2453850905516,0.1,1.0,top_down,2927,274,,
1000,41,177.2453850905516,0.1,1.0,bottom_up,1776,274,,
1000,41,177.2453850905516,0.1,1.0,incremental,2179,274,,
1000,42,177.2453850905516,0.1,1.0,top_down,2971,255,,
1000,42,177.2453850905516,0.1,1.0,bottom_up,1946,255,,
1000,42,177.2453850905516,0.1,1.0,incremental,2444,255,,
1000,43,177.2453850905516,0.1,1.0,top_down,2679,246,,
1000,43,177.2453850905516,0.1,1.0,bottom_up,1712,246,,
1000,43,177.2453850905516,0.1,1.0,incremental,2078,246,,
1000,44,177.2453850905516,0.1,1.0,top_down,2983,268,,
1000,44,177.2453850905516,0.1,1.0,bottom_up,1733,268,,
1000,44,177.2453850905516,0.1,1.0,incremental,2165,268,,
1000,45,177.2453850905516,0.1,1.0,top_down,2863,239,,
1000,45,177.2453850905516,0.1,1.0,bottom_up,1818,239,,
1000,45,177.2453850905516,0.1,1.0,incremental,2299,239,,
1000,46,177.2453850905516,0.1,1.0,top_down,2747,236,,
1000,46,177.2453850905516,0.1,1.0,bottom_up,1962,236,,
1000,46,177.2453850905516,0.1,1.0,incremental,2646,236,,
1000,47,177.2453850905516,0.1,1.0,top_down,2763,246,,
1000,47,177.2453850905516,0.1,1.0,bottom_up,1891,246,,
1000,47,177.2453850905516,0.1,1.0,incremental,2586,246,,
1000,48,177.2453850905516,0.1,1.0,top_down,2771,258,,
1000,48,177.2453850905516,0.1,1.0,bottom_up,1826,258,,
1000,48,177.2453850905516,0.1,1.0,incremental,2073,258,,
1000,49,177.2453850905516,0.1,1.0,top_down,2719,269,,
1000,49,177.2453850905516,0.1,1.0,bottom_up,1858,269,,
1000,49,177.2453850905516,0.1,1.0,incremental,2354,269,,
25,0,19.816636488030053,0.2,1.0,top_down,53,17,,
25,0,19.816636488030053,0.2,1.0,bottom_up,27,17,,
25,0,19.816636488030053,0.2,1.0,incremental,25,17,,
25,1,19.816636488030053,0.2,1.0,top_down,53,17,,
25,1,19.816636488030053,0.2,1.0,bottom_up,28,17,,
25,1,19.816636488030053,0.2,1.0,incremental,38,17,,
25,2,19.816636488030053,0.2,1.0,top_down,49,15,,
25,2,19.816636488030053,0.2,1.0,bottom_up,52,15,,
25,2,19.816636488030053,0.2,1.0,incremental,53,15,,
25,3,19.816636488030053,0.2,1.0,top_down,50,7,,
25,3,19.816636488030053,0.2,1.0,bottom_up,41,7,,
25,3,19.816636488030053,0.2,1.0,incremental,43,7,,
25,4,19.816636488030053,0.2,1.0,top_down,62,12,,
25,4,19.816636488030053,0.2,1.0,bottom_up,39,12,,
25,4,19.816636488030053,0.2,1.0,incremental,63,12,,
25,5,19.816636488030053,0.2,1.0,top_down,61,21,,
25,5,19.816636488030053,0.2,1.0,bottom_up,34,21,,
25,5,19.816636488030053,0.2,1.0,incremental,40,21,,
25,6,19.816636488030053,0.2,1.0,top_down,51,13,,
25,6,19.816636488030053,0.2,1.0,bottom_up,34,13,,
25,6,19.816636488030053,0.2,1.0,incremental,43,13,,
25,7,19.816636488030053,0.2,1.0,top_down,60,20,,
25,7,19.816636488030053,0.2,1.0,bottom_up,35,20,,
25,7,19.816636488030053,0.2,1.0,incremental,40,20,,
25,8,19.816636488030053,0.2,1.0,top_down,49,12,,
25,8,19.816636488030053,0.2,1.0,bottom_up,45,12,,
25,8,19.816636488030053,0.2,1.0,incremental,38,12,,
25,9,19.816636488030053,0.2,1.0,top_down,53,18,,
25,9,19.816636488030053,0.2,1.0,bottom_up,36,18,,
25,9,19.816636488030053,0.2,1.0,incremental,46,18,,
25,10,19.816636488030053,0.2,1.0,top_down,42,10,,
25,10,19.816636488030053,0.2,1.0,bottom_up,51,10,,
25,10,19.816636488030053,0.2,1.0,incremental,50,10,,
25,11,19.816636488030053,0.2,1.0,top_down,75,13,,
25,11,19.816636488030053,0.2,1.0,bottom_up,25,13,,
25,11,19.816636488030053,0.2,1.0,incremental,42,13,,
25,12,19.816636488030053,0.2,1.0,top_down,63,19,,
25,12,19.816636488030053,0.2,1.0,bottom_up,47,19,,
25,12,19.816636488030053,0.2,1.0,incremental,58,19,,
25,13,19.816636488030053,0.2,1.0,top_down,39,12,,
25,13,19.816636488030053,0.2,1.0,bottom_up,34,12,,
25,13,19.816636488030053,0.2,1.0,incremental,26,12,,
25,14,19.816636488030053,0.2,1.0,top_down,53,18,,
25,14,19.816636488030053,0.2,1.0,bottom_up,44,18,,
25,14,19.816636488030053,0.2,1.0,incremental,44,18,,
25,15,19.816636488030053,0.2,1.0,top_down,57,14,,
25,15,19.816636488030053,0.2,1.0,bottom_up,59,14,,
25,15,19.816636488030053,0.2,1.0,incremental,49,14,,
25,16,19.816636488030053,0.2,1.0,top_down,57,16,,
25,16,19.816636488030053,0.2,1.0,bottom_up,50,16,,
25,16,19.816636488030053,0.2,1.0,incremental,42,16,,
25,17,19.816636488030053,0.2,1.0,top_down,40,14,,
25,17,19.816636488030053,0.2,1.0,bottom_up,34,14,,
25,17,19.816636488030053,0.2,1.0,incremental,29,14,,
25,18,19.816636488030053,0.2,1.0,top_down,48,11,,
25,18,19.816636488030053,0.2,1.0,bottom_up,23,11,,
25,18,19.816636488030053,0.2,1.0,incremental,39,11,,
25,19,19.816636488030053,0.2,1.0,top_down,47,12,,
25,19,19.816636488030053,0.2,1.0,bottom_up,41,12,,
25,19,19.816636488030053,0.2,1.0,incremental,28,12,,
25,20,19.816636488030053,0.2,1.0,top_down,64,10,,
25,20,19.816636488030053,0.2,1.0,bottom_up,24,10,,
25,20,19.816636488030053,0.2,1.0,incremental,36,10,,
25,21,19.816636488030053,0.2,1.0,top_down,64,15,,
25,21,19.816636488030053,0.2,1.0,bottom_up,44,15,,
25,21,19.816636488030053,0.2,1.0,incremental,42,15,,
25,22,19.816636488030053,0.2,1.0,top_down,57,16,,
25,22,19.816636488030053,0.2,1.0,bottom_up,30,16,,
25,22,19.816636488030053,0.2,1.0,incremental,23,16,,
25,23,19.816636488030053,0.2,1.0,top_down,59,20,,
25,23,19.816636488030053,0.2,1.0,bottom_up,39,20,,
25,23,19.816636488030053,0.2,1.0,incremental,54,20,,
25,24,19.816636488030053,0.2,1.0,top_down,63,12,,
25,24,19.816636488030053,0.2,1.0,bottom_up,29,12,,
25,24,19.816636488030053,0.2,1.0,incremental,38,12,,
25,25,19.816636488030053,0.2,1.0,top_down,58,15,,
25,25,19.816636488030053,0.2,1.0,bottom_up,40,15,,
25,25,19.816636488030053,0.2,1.0,incremental,30,15,,
25,26,19.816636488030053,0.2,1.0,top_down,56,10,,
25,26,19.816636488030053,0.2,1.0,bottom_up,40,10,,
25,26,19.816636488030053,0.2,1.0,incremental,28,10,,
25,27,19.816636488030053,0.2,1.0,top_down,46,12,,
25,27,19.816636488030053,0.2,1.0,bottom_up,39,12,,
25,27,19.816636488030053,0.2,1.0,incremental,57,12,,
25,28,19.816636488030053,0.2,1.0,top_down,67,13,,
25,28,19.816636488030053,0.2,1.0,bottom_up,26,13,,
25,28,19.816636488030053,0.2,1.0,incremental,38,13,,
25,29,19.816636488030053,0.2,1.0,top_down,61,11,,
25,29,19.816636488030053,0.2,1.0,bottom_up,24,11,,
25,29,19.816636488030053,0.2,1.0,incremental,29,11,,
25,30,19.816636488030053,0.2,1.0,top_down,50,15,,
25,30,19.816636488030053,0.2,1.0,bottom_up,22,15,,
25,30,19.816636488030053,0.2,1.0,incremental,32,15,,
25,31,19.816636488030053,0.2,1.0,top_down,46,7,,
25,31,19.816636488030053,0.2,1.0,bottom_up,26,7,,
25,31,19.816636488030053,0.2,1.0,incremental,38,7,,
25,32,19.816636488030053,0.2,1.0,top_down,43,11,,
25,32,19.816636488030053,0.2,1.0,bottom_up,26,11,,
25,32,19.816636488030053,0.2,1.0,incremental,19,11,,
25,33,19.816636488030053,0.2,1.0,top_down,57,19,,
25,33,19.816636488030053,0.2,1.0,bottom_up,50,19,,
25,33,19.816636488030053,0.2,1.0,incremental,43,19,,
25,34,19.816636488030053,0.2,1.0,top_down,48,13,,
25,34,19.816636488030053,0.2,1.0,bottom_up,68,13,,
25,34,19.816636488030053,0.2,1.0,incremental,51,13,,
25,35,19.816636488030053,0.2,1.0,top_down,52,17,,
25,35,19.816636488030053,0.2,1.0,bottom_up,26,17,,
25,35,19.816636488030053,0.2,1.0,incremental,18,17,,
25,36,19.816636488030053,0.2,1.0,top_down,68,20,,
25,36,19.816636488030053,0.2,1.0,bottom_up,34,20,,
25,36,19.816636488030053,0.2,1.0,incremental,40,20,,
25,37,19.816636488030053,0.2,1.0,top_down,42,12,,
25,37,19.816636488030053,0.2,1.0,bottom_up,25,12,,
25,37,19.816636488030053,0.2,1.0,incremental,25,12,,
25,38,19.816636488030053,0.2,1.0,top_down,56,16,,
25,38,19.816636488030053,0.2,1.0,bottom_up,37,16,,
25,38,19.816636488030053,0.2,1.0,incremental,21,16,,
25,39,19.816636488030053,0.2,1.0,top_down,66,19,,
25,39,19.816636488030053,0.2,1.0,bottom_up,32,19,,
25,39,19.816636488030053,0.2,1.0,incremental,37,19,,
25,40,19.816636488030053,0.2,1.0,top_down,33,9,,
25,40,19.816636488030053,0.2,1.0,bottom_up,22,9,,
25,40,19.816636488030053,0.2,1.0,incremental,31,9,,
25,41,19.816636488030053,0.2,1.0,top_down,32,10,,
25,41,19.816636488030053,0.2,1.0,bottom_up,39,10,,
25,41,19.816636488030053,0.2,1.0,incremental,39,10,,
25,42,19.816636488030053,0.2,1.0,top_down,53,8,,
25,42,19.816636488030053,0.2,1.0,bottom_up,48,8,,
25,42,19.816636488030053,0.2,1.0,incremental,52,8,,
25,43,19.816636488030053,0.2,1.0,top_down,69,11,,
25,43,19.816636488030053,0.2,1.0,bottom_up,44,11,,
25,43,19.816636488030053,0.2,1.0,incremental,36,11,,
25,44,19.816636488030053,0.2,1.0,top_down,38,10,,
25,44,19.816636488030053,0.2,1.0,bottom_up,35,10,,
25,44,19.816636488030053,0.2,1.0,incremental,20,10,,
25,45,19.816636488030053,0.2,1.0,top_down,56,15,,
25,45,19.816636488030053,0.2,1.0,bottom_up,41,15,,
25,45,19.816636488030053,0.2,1.0,incremental,40,15,,
25,46,19.816636488030053,0.2,1.0,top_down,44,13,,
25,46,19.816636488030053,0.2,1.0,bottom_up,32,13,,
25,46,19.816636488030053,0.2,1.0,incremental,23,13,,
25,47,19.816636488030053,0.2,1.0,top_down,77,11,,
25,47,19.816636488030053,0.2,1.0,bottom_up,23,11,,
25,47,19.816636488030053,0.2,1.0,incremental,33,11,,
25,48,19.816636488030053,0.2,1.0,top_down,36,12,,
25,48,19.816636488030053,0.2,1.0,bottom_up,24,12,,
25,48,19.816636488030053,0.2,1.0,incremental,17,12,,
25,49,19.816636488030053,0.2,1.0,top_down,71,8,,
25,49,19.816636488030053,0.2,1.0,bottom_up,25,8,,
25,49,19.816636488030053,0.2,1.0,incremental,37,8,,
50,0,28.024956081989643,0.2,1.0,top_down,158,21,,
50,0,28.024956081989643,0.2,1.0,bottom_up,51,21,,
50,0,28.024956081989643,0.2,1.0,incremental,87,21,,
50,1,28.024956081989643,0.2,1.0,top_down,125,26,,
50,1,28.024956081989643,0.2,1.0,bottom_up,81,26,,
50,1,28.024956081989643,0.2,1.0,incremental,62,26,,
50,2,28.024956081989643,0.2,1.0,top_down,105,27,,
50,2,28.024956081989643,0.2,1.0,bottom_up,91,27,,
50,2,28.024956081989643,0.2,1.0,incremental,111,27,,
50,3,28.024956081989643,0.2,1.0,top_down,150,26,,
50,3,28.024956081989643,0.2,1.0,bottom_up,84,26,,
50,3,28.024956081989643,0.2,1.0,incremental,85,26,,
50,4,28.024956081989643,0.2,1.0,top_down,139,34,,
50,4,28.024956081989643,0.2,1.0,bottom_up,71,34,,
50,4,28.024956081989643,0.2,1.0,incremental,69,34,,
50,5,28.024956081989643,0.2,1.0,top_down,133,30,,
50,5,28.024956081989643,0.2,1.0,bottom_up,64,30,,
50,5,28.024956081989643,0.2,1.0,incremental,111,30,,
50,6,28.024956081989643,0.2,1.0,top_down,159,26,,
50,6,28.024956081989643,0.2,1.0,bottom_up,79,26,,
50,6,28.024956081989643,0.2,1.0,incremental,101,26,,
50,7,28.024956081989643,0.2,1.0,top_down,119,26,,
50,7,28.024956081989643,0.2,1.0,bottom_up,88,26,,
50,7,28.024956081989643,0.2,1.0,incremental,89,26,,
50,8,28.024956081989643,0.2,1.0,top_down,149,27,,
50,8,28.024956081989643,0.2,1.0,bottom_up,93,27,,
50,8,28.024956081989643,0.2,1.0,incremental,97,27,,
50,9,28.024956081989643,0.2,1.0,top_down,141,23,,
50,9,28.024956081989643,0.2,1.0,bottom_up,96,23,,
50,9,28.024956081989643,0.2,1.0,incremental,98,23,,
50,10,28.024956081989643,0.2,1.0,top_down,163,23,,
50,10,28.024956081989643,0.2,1.0,bottom_up,93,23,,
50,10,28.024956081989643,0.2,1.0,incremental,105,23,,
50,11,28.024956081989643,0.2,1.0,top_down,130,31,,
50,11,28.024956081989643,0.2,1.0,bottom_up,85,31,,
50,11,28.024956081989643,0.2,1.0,incremental,92,31,,
50,12,28.024956081989643,0.2,1.0,top_down,148,25,,
50,12,28.024956081989643,0.2,1.0,bottom_up,93,25,,
50,12,28.024956081989643,0.2,1.0,incremental,122,25,,
50,13,28.024956081989643,0.2,1.0,top_down,151,27,,
50,13,28.024956081989643,0.2,1.0,bottom_up,114,27,,
50,13,28.024956081989643,0.2,1.0,incremental,115,27,,
50,14,28.024956081989643,0.2,1.0,top_down,167,34,,
50,14,28.024956081989643,0.2,1.0,bottom_up,82,34,,
50,14,28.024956081989643,0.2,1.0,incremental,97,34,,
50,15,28.024956081989643,0.2,1.0,top_down,96,36,,
50,15,28.024956081989643,0.2,1.0,bottom_up,76,36,,
50,15,28.024956081989643,0.2,1.0,incremental,74,36,,
50,16,28.024956081989643,0.2,1.0,top_down,123,20,,
50,16,28.024956081989643,0.2,1.0,bottom_up,87,20,,
50,16,28.024956081989643,0.2,1.0,incremental,77,20,,
50,17,28.024956081989643,0.2,1.0,top_down,130,32,,
50,17,28.024956081989643,0.2,1.0,bottom_up,75,32,,
50,17,28.024956081989643,0.2,1.0,incremental,94,32,,
50,18,28.024956081989643,0.2,1.0,top_down,97,23,,
50,18,28.024956081989643,0.2,1.0,bottom_up,61,23,,
50,18,28.024956081989643,0.2,1.0,incremental,99,23,,
50,19,28.024956081989643,0.2,1.0,top_down,132,19,,
50,19,28.024956081989643,0.2,1.0,bottom_up,78,19,,
50,19,28.024956081989643,0.2,1.0,incremental,77,19,,
50,20,28.024956081989643,0.2,1.0,top_down,151,25,,
50,20,28.024956081989643,0.2,1.0,bottom_up,94,25,,
50,20,28.024956081989643,0.2,1.0,incremental,92,25,,
50,21,28.024956081989643,0.2,1.0,top_down,119,25,,
50,21,28.024956081989643,0.2,1.0,bottom_up,68,25,,
50,21,28.024956081989643,0.2,1.0,incremental,92,25,,
50,22,28.024956081989643,0.2,1.0,top_down,161,24,,
50,22,28.024956081989643,0.2,1.0,bottom_up,87,24,,
50,22,28.024956081989643,0.2,1.0,incremental,95,24,,
50,23,28.024956081989643,0.2,1.0,top_down,147,31,,
50,23,28.024956081989643,0.2,1.0,bottom_up,104,31,,
50,23,28.024956081989643,0.2,1.0,incremental,85,31,,
50,24,28.024956081989643,0.2,1.0,top_down,130,19,,
50,24,28.024956081989643,0.2,1.0,bottom_up,67,19,,
50,24,28.024956081989643,0.2,1.0,incremental,103,19,,
50,25,28.024956081989643,0.2,1.0,top_down,143,27,,
50,25,28.024956081989643,0.2,1.0,bottom_up,98,27,,
50,25,28.024956081989643,0.2,1.0,incremental,112,27,,
50,26,28.024956081989643,0.2,1.0,top_down,128,32,,
50,26,28.024956081989643,0.2,1.0,bottom_up,63,32,,
50,26,28.024956081989643,0.2,1.0,incremental,75,32,,
50,27,28.024956081989643,0.2,1.0,top_down,131,24,,
50,27,28.024956081989643,0.2,1.0,bottom_up,83,24,,
50,27,28.024956081989643,0.2,1.0,incremental,128,24,,
50,28,28.024956081989643,0.2,1.0,top_down,150,34,,
50,28,28.024956081989643,0.2,1.0,bottom_up,79,34,,
50,28,28.024956081989643,0.2,1.0,incremental,61,34,,
50,29,28.024956081989643,0.2,1.0,top_down,119,19,,
50,29,28.024956081989643,0.2,1.0,bottom_up,49,19,,
50,29,28.024956081989643,0.2,1.0,incremental,83,19,,
50,30,28.024956081989643,0.2,1.0,top_down,142,23,,
50,30,28.024956081989643,0.2,1.0,bottom_up,94,23,,
50,30,28.024956081989643,0.2,1.0,incremental,134,23,,
50,31,28.024956081989643,0.2,1.0,top_down,160,20,,
50,31,28.024956081989643,0.2,1.0,bottom_up,77,20,,
50,31,28.024956081989643,0.2,1.0,incremental,88,20,,
50,32,28.024956081989643,0.2,1.0,top_down,120,34,,
50,32,28.024956081989643,0.2,1.0,bottom_up,61,34,,
50,32,28.024956081989643,0.2,1.0,incremental,57,34,,
50,33,28.024956081989643,0.2,1.0,top_down,154,25,,
50,33,28.024956081989643,0.2,1.0,bottom_up,69,25,,
50,33,28.024956081989643,0.2,1.0,incremental,92,25,,
50,34,28.024956081989643,0.2,1.0,top_down,157,17,,
50,34,28.024956081989643,0.2,1.0,bottom_up,101,17,,
50,34,28.024956081989643,0.2,1.0,incremental,110,17,,
50,35,28.024956081989643,0.2,1.0,top_down,169,23,,
50,35,28.024956081989643,0.2,1.0,bottom_up,83,23,,
50,35,28.024956081989643,0.2,1.0,incremental,93,23,,
50,36,28.024956081989643,0.2,1.0,top_down,153,20,,
50,36,28.024956081989643,0.2,1.0,bottom_up,97,20,,
50,36,28.024956081989643,0.2,1.0,incremental,64,20,,
50,37,28.024956081989643,0.2,1.0,top_down,150,19,,
50,37,28.024956081989643,0.2,1.0,bottom_up,80,19,,
50,37,28.024956081989643,0.2,1.0,incremental,88,19,,
50,38,28.024956081989643,0.2,1.0,top_down,138,28,,
50,38,28.024956081989643,0.2,1.0,bottom_up,65,28,,
50,38,28.024956081989643,0.2,1.0,incremental,108,28,,
50,39,28.024956081989643,0.2,1.0,top_down,135,33,,
50,39,28.024956081989643,0.2,1.0,bottom_up,96,33,,
50,39,28.024956081989643,0.2,1.0,incremental,78,33,,
50,40,28.024956081989643,0.2,1.0,top_down,120,26,,
50,40,28.024956081989643,0.2,1.0,bottom_up,99,26,,
50,40,28.024956081989643,0.2,1.0,incremental,97,26,,
50,41,28.024956081989643,0.2,1.0,top_down,141,28,,
50,41,28.024956081989643,0.2,1.0,bottom_up,110,28,,
50,41,28.024956081989643,0.2,1.0,incremental,111,28,,
50,42,28.024956081989643,0.2,1.0,top_down,125,34,,
50,42,28.024956081989643,0.2,1.0,bottom_up,92,34,,
50,42,28.024956081989643,0.2,1.0,incremental,98,34,,
50,43,28.024956081989643,0.2,1.0,top_down,145,29,,
50,43,28.024956081989643,0.2,1.0,bottom_up,47,29,,
50,43,28.024956081989643,0.2,1.0,incremental,94,29,,
50,44,28.024956081989643,0.2,1.0,top_down,108,21,,
50,44,28.024956081989643,0.2,1.0,bottom_up,81,21,,
50,44,28.024956081989643,0.2,1.0,incremental,76,21,,
50,45,28.024956081989643,0.2,1.0,top_down,130,30,,
50,45,28.024956081989643,0.2,1.0,bottom_up,100,30,,
50,45,28.024956081989643,0.2,1.0,incremental,136,30,,
50,46,28.024956081989643,0.2,1.0,top_down,108,25,,
50,46,28.024956081989643,0.2,1.0,bottom_up,64,25,,
50,46,28.024956081989643,0.2,1.0,incremental,77,25,,
50,47,28.024956081989643,0.2,1.0,top_down,127,19,,
50,47,28.024956081989643,0.2,1.0,bottom_up,108,19,,
50,47,28.024956081989643,0.2,1.0,incremental,114,19,,
50,48,28.024956081989643,0.2,1.0,top_down,139,23,,
50,48,28.024956081989643,0.2,1.0,bottom_up,104,23,,
50,48,28.024956081989643,0.2,1.0,incremental,75,23,,
50,49,28.024956081989643,0.2,1.0,top_down,168,23,,
50,49,28.024956081989643,0.2,1.0,bottom_up,59,23,,
50,49,28.024956081989643,0.2,1.0,incremental,72,23,,
100,0,39.633272976060105,0.2,1.0,top_down,275,46,,
100,0,39.633272976060105,0.2,1.0,bottom_up,162,46,,
100,0,39.633272976060105,0.2,1.0,incremental,169,46,,
100,1,39.633272976060105,0.2,1.0,top_down,252,47,,
100,1,39.633272976060105,0.2,1.0,bottom_up,197,47,,
100,1,39.633272976060105,0.2,1.0,incremental,196,47,,
100,2,39.633272976060105,0.2,1.0,top_down,339,61,,
100,2,39.633272976060105,0.2,1.0,bottom_up,172,61,,
100,2,39.633272976060105,0.2,1.0,incremental,168,61,,
100,3,39.633272976060105,0.2,1.0,top_down,345,34,,
100,3,39.633272976060105,0.2,1.0,bottom_up,240,34,,
100,3,39.633272976060105,0.2,1.0,incremental,197,34,,
100,4,39.633272976060105,0.2,1.0,top_down,278,61,,
100,4,39.633272976060105,0.2,1.0,bottom_up,205,61,,
100,4,39.633272976060105,0.2,1.0,incremental,252,61,,
100,5,39.633272976060105,0.2,1.0,top_down,334,68,,
100,5,39.633272976060105,0.2,1.0,bottom_up,202,68,,
100,5,39.633272976060105,0.2,1.0,incremental,212,68,,
100,6,39.633272976060105,0.2,1.0,top_down,297,42,,
100,6,39.633272976060105,0.2,1.0,bottom_up,141,42,,
100,6,39.633272976060105,0.2,1.0,incremental,208,42,,
100,7,39.633272976060105,0.2,1.0,top_down,361,65,,
100,7,39.633272976060105,0.2,1.0,bottom_up,206,65,,
100,7,39.633272976060105,0.2,1.0,incremental,278,65,,
100,8,39.633272976060105,0.2,1.0,top_down,345,64,,
100,8,39.633272976060105,0.2,1.0,bottom_up,170,64,,
100,8,39.633272976060105,0.2,1.0,incremental,187,64,,
100,9,39.633272976060105,0.2,1.0,top_down,338,41,,
100,9,39.633272976060105,0.2,1.0,bottom_up,221,41,,
100,9,39.633272976060105,0.2,1.0,incremental,258,41,,
100,10,39.633272976060105,0.2,1.0,top_down,335,54,,
100,10,39.633272976060105,0.2,1.0,bottom_up,189,54,,
100,10,39.633272976060105,0.2,1.0,incremental,194,54,,
100,11,39.633272976060105,0.2,1.0,top_down,297,60,,
100,11,39.633272976060105,0.2,1.0,bottom_up,157,60,,
100,11,39.633272976060105,0.2,1.0,incremental,159,60,,
100,12,39.633272976060105,0.2,1.0,top_down,296,48,,
100,12,39.633272976060105,0.2,1.0,bottom_up,225,48,,
100,12,39.633272976060105,0.2,1.0,incremental,212,48,,
100,13,39.633272976060105,0.2,1.0,top_down,297,38,,
100,13,39.633272976060105,0.2,1.0,bottom_up,182,38,,
100,13,39.633272976060105,0.2,1.0,incremental,206,38,,
100,14,39.633272976060105,0.2,1.0,top_down,304,51,,
100,14,39.633272976060105,0.2,1.0,bottom_up,196,51,,
100,14,39.633272976060105,0.2,1.0,incremental,222,51,,
100,15,39.633272976060105,0.2,1.0,top_down,247,53,,
100,15,39.633272976060105,0.2,1.0,bottom_up,202,53,,
100,15,39.633272976060105,0.2,1.0,incremental,211,53,,
100,16,39.633272976060105,0.2,1.0,top_down,281,48,,
100,16,39.633272976060105,0.2,1.0,bottom_up,172,48,,
100,16,39.633272976060105,0.2,1.0,incremental,187,48,,
100,17,39.633272976060105,0.2,1.0,top_down,304,48,,
100,17,39.633272976060105,0.2,1.0,bottom_up,180,48,,
100,17,39.633272976060105,0.2,1.0,incremental,267,48,,
100,18,39.633272976060105,0.2,1.0,top_down,259,56,,
100,18,39.633272976060105,0.2,1.0,bottom_up,201,56,,
100,18,39.633272976060105,0.2,1.0,incremental,258,56,,
100,19,39.633272976060105,0.2,1.0,top_down,375,45,,
100,19,39.633272976060105,0.2,1.0,bottom_up,216,45,,
100,19,39.633272976060105,0.2,1.0,incremental,178,45,,
100,20,39.633272976060105,0.2,1.0,top_down,342,50,,
100,20,39.633272976060105,0.2,1.0,bottom_up,140,50,,
100,20,39.633272976060105,0.2,1.0,incremental,154,50,,
100,21,39.633272976060105,0.2,1.0,top_down,264,41,,
100,21,39.633272976060105,0.2,1.0,bottom_up,148,41,,
100,21,39.633272976060105,0.2,1.0,incremental,228,41,,
100,22,39.633272976060105,0.2,1.0,top_down,321,51,,
100,22,39.633272976060105,0.2,1.0,bottom_up,178,51,,
100,22,39.633272976060105,0.2,1.0,incremental,208,51,,
100,23,39.633272976060105,0.2,1.0,top_down,274,43,,
100,23,39.633272976060105,0.2,1.0,bottom_up,189,43,,
100,23,39.633272976060105,0.2,1.0,incremental,181,43,,
100,24,39.633272976060105,0.2,1.0,top_down,231,42,,
100,24,39.633272976060105,0.2,1.0,bottom_up,146,42,,
100,24,39.633272976060105,0.2,1.0,incremental,198,42,,
100,25,39.633272976060105,0.2,1.0,top_down,348,63,,
100,25,39.633272976060105,0.2,1.0,bottom_up,143,63,,
100,25,39.633272976060105,0.2,1.0,incremental,186,63,,
100,26,39.633272976060105,0.2,1.0,top_down,317,57,,
100,26,39.633272976060105,0.2,1.0,bottom_up,183,57,,
100,26,39.633272976060105,0.2,1.0,incremental,185,57,,
100,27,39.633272976060105,0.2,1.0,top_down,311,44,,
100,27,39.633272976060105,0.2,1.0,bottom_up,176,44,,
100,27,39.633272976060105,0.2,1.0,incremental,193,44,,
100,28,39.633272976060105,0.2,1.0,top_down,353,61,,
100,28,39.633272976060105,0.2,1.0,bottom_up,162,61,,
100,28,39.633272976060105,0.2,1.0,incremental,240,61,,
100,29,39.633272976060105,0.2,1.0,top_down,285,58,,
100,29,39.633272976060105,0.2,1.0,bottom_up,212,58,,
100,29,39.633272976060105,0.2,1.0,incremental,218,58,,
100,30,39.633272976060105,0.2,1.0,top_down,289,56,,
100,30,39.633272976060105,0.2,1.0,bottom_up,162,56,,
100,30,39.633272976060105,0.2,1.0,incremental,175,56,,
100,31,39.633272976060105,0.2,1.0,top_down,345,57,,
100,31,39.633272976060105,0.2,1.0,bottom_up,154,57,,
100,31,39.633272976060105,0.2,1.0,incremental,164,57,,
100,32,39.633272976060105,0.2,1.0,top_down,300,60,,
100,32,39.633272976060105,0.2,1.0,bottom_up,189,60,,
100,32,39.633272976060105,0.2,1.0,incremental,225,60,,
100,33,39.633272976060105,0.2,1.0,top_down,332,55,,
100,33,39.633272976060105,0.2,1.0,bottom_up,209,55,,
100,33,39.633272976060105,0.2,1.0,incremental,207,55,,
100,34,39.633272976060105,0.2,1.0,top_down,313,56,,
100,34,39.633272976060105,0.2,1.0,bottom_up,168,56,,
100,34,39.633272976060105,0.2,1.0,incremental,242,56,,
100,35,39.633272976060105,0.2,1.0,top_down,257,50,,
100,35,39.633272976060105,0.2,1.0,bottom_up,158,50,,
100,35,39.633272976060105,0.2,1.0,incremental,163,50,,
100,36,39.633272976060105,0.2,1.0,top_down,345,57,,
100,36,39.633272976060105,0.2,1.0,bottom_up,143,57,,
100,36,39.633272976060105,0.2,1.0,incremental,151,57,,
100,37,39.633272976060105,0.2,1.0,top_down,345,73,,
100,37,39.633272976060105,0.2,1.0,bottom_up,205,73,,
100,37,39.633272976060105,0.2,1.0,incremental,231,73,,
100,38,39.633272976060105,0.2,1.0,top_down,251,45,,
100,38,39.633272976060105,0.2,1.0,bottom_up,188,45,,
100,38,39.633272976060105,0.2,1.0,incremental,199,45,,
100,39,39.633272976060105,0.2,1.0,top_down,329,65,,
100,39,39.633272976060105,0.2,1.0,bottom_up,215,65,,
100,39,39.633272976060105,0.2,1.0,incremental,291,65,,
100,40,39.633272976060105,0.2,1.0,top_down,327,40,,
100,40,39.633272976060105,0.2,1.0,bottom_up,174,40,,
100,40,39.633272976060105,0.2,1.0,incremental,183,40,,
100,41,39.633272976060105,0.2,1.0,top_down,308,54,,
100,41,39.633272976060105,0.2,1.0,bottom_up,192,54,,
100,41,39.633272976060105,0.2,1.0,incremental,262,54,,
100,42,39.633272976060105,0.2,1.0,top_down,310,58,,
100,42,39.633272976060105,0.2,1.0,bottom_up,196,58,,
100,42,39.633272976060105,0.2,1.0,incremental,148,58,,
100,43,39.633272976060105,0.2,1.0,top_down,318,54,,
100,43,39.633272976060105,0.2,1.0,bottom_up,153,54,,
100,43,39.633272976060105,0.2,1.0,incremental,156,54,,
100,44,39.633272976060105,0.2,1.0,top_down,364,65,,
100,44,39.633272976060105,0.2,1.0,bottom_up,145,65,,
100,44,39.633272976060105,0.2,1.0,incremental,194,65,,
100,45,39.633272976060105,0.2,1.0,top_down,402,49,,
100,45,39.633272976060105,0.2,1.0,bottom_up,207,49,,
100,45,39.633272976060105,0.2,1.0,incremental,254,49,,
100,46,39.633272976060105,0.2,1.0,top_down,260,62,,
100,46,39.633272976060105,0.2,1.0,bottom_up,183,62,,
100,46,39.633272976060105,0.2,1.0,incremental,224,62,,
100,47,39.633272976060105,0.2,1.0,top_down,300,57,,
100,47,39.633272976060105,0.2,1.0,bottom_up,219,57,,
100,47,39.633272976060105,0.2,1.0,incremental,220,57,,
100,48,39.633272976060105,0.2,1.0,top_down,401,46,,
100,48,39.633272976060105,0.2,1.0,bottom_up,191,46,,
100,48,39.633272976060105,0.2,1.0,incremental,207,46,,
100,49,39.633272976060105,0.2,1.0,top_down,320,45,,
100,49,39.633272976060105,0.2,1.0,bottom_up,209,45,,
100,49,39.633272976060105,0.2,1.0,incremental,178,45,,
200,0,56.049912163979286,0.2,1.0,top_down,723,114,,
200,0,56.049912163979286,0.2,1.0,bottom_up,400,114,,
200,0,56.049912163979286,0.2,1.0,incremental,490,114,,
200,1,56.049912163979286,0.2,1.0,top_down,692,134,,
200,1,56.049912163979286,0.2,1.0,bottom_up,406,134,,
200,1,56.049912163979286,0.2,1.0,incremental,436,134,,
200,2,56.049912163979286,0.2,1.0,top_down,786,90,,
200,2,56.049912163979286,0.2,1.0,bottom_up,402,90,,
200,2,56.049912163979286,0.2,1.0,incremental,793,90,,
200,3,56.049912163979286,0.2,1.0,top_down,657,114,,
200,3,56.049912163979286,0.2,1.0,bottom_up,414,114,,
200,3,56.049912163979286,0.2,1.0,incremental,475,114,,
200,4,56.049912163979286,0.2,1.0,top_down,749,90,,
200,4,56.049912163979286,0.2,1.0,bottom_up,503,90,,
200,4,56.049912163979286,0.2,1.0,incremental,634,90,,
200,5,56.049912163979286,0.2,1.0,top_down,795,96,,
200,5,56.049912163979286,0.2,1.0,bottom_up,369,96,,
200,5,56.049912163979286,0.2,1.0,incremental,398,96,,
200,6,56.049912163979286,0.2,1.0,top_down,694,102,,
200,6,56.049912163979286,0.2,1.0,bottom_up,428,102,,
200,6,56.049912163979286,0.2,1.0,incremental,459,102,,
200,7,56.049912163979286,0.2,1.0,top_down,677,111,,
200,7,56.049912163979286,0.2,1.0,bottom_up,384,111,,
200,7,56.049912163979286,0.2,1.0,incremental,420,111,,
200,8,56.049912163979286,0.2,1.0,top_down,719,103,,
200,8,56.049912163979286,0.2,1.0,bottom_up,339,103,,
200,8,56.049912163979286,0.2,1.0,incremental,444,103,,
200,9,56.049912163979286,0.2,1.0,top_down,757,105,,
200,9,56.049912163979286,0.2,1.0,bottom_up,394,105,,
200,9,56.049912163979286,0.2,1.0,incremental,480,105,,
200,10,56.049912163979286,0.2,1.0,top_down,580,97,,
200,10,56.049912163979286,0.2,1.0,bottom_up,410,97,,
200,10,56.049912163979286,0.2,1.0,incremental,427,97,,
200,11,56.049912163979286,0.2,1.0,top_down,683,101,,
200,11,56.049912163979286,0.2,1.0,bottom_up,381,101,,
200,11,56.049912163979286,0.2,1.0,incremental,373,101,,
200,12,56.049912163979286,0.2,1.0,top_down,697,114,,
200,12,56.049912163979286,0.2,1.0,bottom_up,373,114,,
200,12,56.049912163979286,0.2,1.0,incremental,374,114,,
200,13,56.049912163979286,0.2,1.0,top_down,636,103,,
200,13,56.049912163979286,0.2,1.0,bottom_up,429,103,,
200,13,56.049912163979286,0.2,1.0,incremental,509,103,,
200,14,56.049912163979286,0.2,1.0,top_down,696,104,,
200,14,56.049912163979286,0.2,1.0,bottom_up,385,104,,
200,14,56.049912163979286,0.2,1.0,incremental,427,104,,
200,15,56.049912163979286,0.2,1.0,top_down,666,106,,
200,15,56.049912163979286,0.2,1.0,bottom_up,386,106,,
200,15,56.049912163979286,0.2,1.0,incremental,452,106,,
200,16,56.049912163979286,0.2,1.0,top_down,678,100,,
200,16,56.049912163979286,0.2,1.0,bottom_up,404,100,,
200,16,56.049912163979286,0.2,1.0,incremental,458,100,,
200,17,56.049912163979286,0.2,1.0,top_down,666,102,,
200,17,56.049912163979286,0.2,1.0,bottom_up,435,102,,
200,17,56.049912163979286,0.2,1.0,incremental,516,102,,
200,18,56.049912163979286,0.2,1.0,top_down,729,109,,
200,18,56.049912163979286,0.2,1.0,bottom_up,441,109,,
200,18,56.049912163979286,0.2,1.0,incremental,462,109,,
200,19,56.049912163979286,0.2,1.0,top_down,765,101,,
200,19,56.049912163979286,0.2,1.0,bottom_up,448,101,,
200,19,56.049912163979286,0.2,1.0,incremental,624,101,,
200,20,56.049912163979286,0.2,1.0,top_down,664,105,,
200,20,56.049912163979286,0.2,1.0,bottom_up,380,105,,
200,20,56.049912163979286,0.2,1.0,incremental,516,105,,
200,21,56.049912163979286,0.2,1.0,top_down,672,106,,
200,21,56.049912163979286,0.2,1.0,bottom_up,432,106,,
200,21,56.049912163979286,0.2,1.0,incremental,516,106,,
200,22,56.049912163979286,0.2,1.0,top_down,701,83,,
200,22,56.049912163979286,0.2,1.0,bottom_up,473,83,,
200,22,56.049912163979286,0.2,1.0,incremental,476,83,,
200,23,56.049912163979286,0.2,1.0,top_down,643,100,,
200,23,56.049912163979286,0.2,1.0,bottom_up,335,100,,
200,23,56.049912163979286,0.2,1.0,incremental,475,100,,
200,24,56.049912163979286,0.2,1.0,top_down,723,108,,
200,24,56.049912163979286,0.2,1.0,bottom_up,444,108,,
200,24,56.049912163979286,0.2,1.0,incremental,589,108,,
200,25,56.049912163979286,0.2,1.0,top_down,706,100,,
200,25,56.049912163979286,0.2,1.0,bottom_up,384,100,,
200,25,56.049912163979286,0.2,1.0,incremental,607,100,,
200,26,56.049912163979286,0.2,1.0,top_down,721,102,,
200,26,56.049912163979286,0.2,1.0,bottom_up,422,102,,
200,26,56.049912163979286,0.2,1.0,incremental,407,102,,
200,27,56.049912163979286,0.2,1.0,top_down,674,117,,
200,27,56.049912163979286,0.2,1.0,bottom_up,406,117,,
200,27,56.049912163979286,0.2,1.0,incremental,481,117,,
200,28,56.049912163979286,0.2,1.0,top_down,584,76,,
200,28,56.049912163979286,0.2,1.0,bottom_up,418,76,,
200,28,56.049912163979286,0.2,1.0,incremental,442,76,,
200,29,56.049912163979286,0.2,1.0,top_down,664,101,,
200,29,56.049912163979286,0.2,1.0,bottom_up,472,101,,
200,29,56.049912163979286,0.2,1.0,incremental,507,101,,
200,30,56.049912163979286,0.2,1.0,top_down,712,104,,
200,30,56.049912163979286,0.2,1.0,bottom_up,378,104,,
200,30,56.049912163979286,0.2,1.0,incremental,511,104,,
200,31,56.049912163979286,0.2,1.0,top_down,687,94,,
200,31,56.049912163979286,0.2,1.0,bottom_up,462,94,,
200,31,56.049912163979286,0.2,1.0,incremental,435,94,,
200,32,56.049912163979286,0.2,1.0,top_down,752,116,,
200,32,56.049912163979286,0.2,1.0,bottom_up,383,116,,
200,32,56.049912163979286,0.2,1.0,incremental,504,116,,
200,33,56.049912163979286,0.2,1.0,top_down,661,102,,
200,33,56.049912163979286,0.2,1.0,bottom_up,412,102,,
200,33,56.049912163979286,0.2,1.0,incremental,494,102,,
200,34,56.049912163979286,0.2,1.0,top_down,728,116,,
200,34,56.049912163979286,0.2,1.0,bottom_up,369,116,,
200,34,56.049912163979286,0.2,1.0,incremental,457,116,,
200,35,56.049912163979286,0.2,1.0,top_down,711,108,,
200,35,56.049912163979286,0.2,1.0,bottom_up,401,108,,
200,35,56.049912163979286,0.2,1.0,incremental,489,108,,
200,36,56.049912163979286,0.2,1.0,top_down,750,130,,
200,36,56.049912163979286,0.2,1.0,bottom_up,427,130,,
200,36,56.049912163979286,0.2,1.0,incremental,627,130,,
200,37,56.049912163979286,0.2,1.0,top_down,739,117,,
200,37,56.049912163979286,0.2,1.0,bottom_up,408,117,,
200,37,56.049912163979286,0.2,1.0,incremental,411,117,,
200,38,56.049912163979286,0.2,1.0,top_down,731,94,,
200,38,56.049912163979286,0.2,1.0,bottom_up,442,94,,
200,38,56.049912163979286,0.2,1.0,incremental,555,94,,
200,39,56.049912163979286,0.2,1.0,top_down,646,120,,
200,39,56.049912163979286,0.2,1.0,bottom_up,352,120,,
200,39,56.049912163979286,0.2,1.0,incremental,525,120,,
200,40,56.049912163979286,0.2,1.0,top_down,761,117,,
200,40,56.049912163979286,0.2,1.0,bottom_up,427,117,,
200,40,56.049912163979286,0.2,1.0,incremental,487,117,,
200,41,56.049912163979286,0.2,1.0,top_down,686,80,,
200,41,56.049912163979286,0.2,1.0,bottom_up,459,80,,
200,41,56.049912163979286,0.2,1.0,incremental,613,80,,
200,42,56.049912163979286,0.2,1.0,top_down,650,103,,
200,42,56.049912163979286,0.2,1.0,bottom_up,371,103,,
200,42,56.049912163979286,0.2,1.0,incremental,482,103,,
200,43,56.049912163979286,0.2,1.0,top_down,660,90,,
200,43,56.049912163979286,0.2,1.0,bottom_up,423,90,,
200,43,56.049912163979286,0.2,1.0,incremental,586,90,,
200,44,56.049912163979286,0.2,1.0,top_down,671,86,,
200,44,56.049912163979286,0.2,1.0,bottom_up,386,86,,
200,44,56.049912163979286,0.2,1.0,incremental,411,86,,
200,45,56.049912163979286,0.2,1.0,top_down,794,96,,
200,45,56.049912163979286,0.2,1.0,bottom_up,421,96,,
200,45,56.049912163979286,0.2,1.0,incremental,528,96,,
200,46,56.049912163979286,0.2,1.0,top_down,687,128,,
200,46,56.049912163979286,0.2,1.0,bottom_up,391,128,,
200,46,56.049912163979286,0.2,1.0,incremental,478,128,,
200,47,56.049912163979286,0.2,1.0,top_down,593,106,,
200,47,56.049912163979286,0.2,1.0,bottom_up,399,106,,
200,47,56.049912163979286,0.2,1.0,incremental,456,106,,
200,48,56.049912163979286,0.2,1.0,top_down,682,87,,
200,48,56.049912163979286,0.2,1.0,bottom_up,454,87,,
200,48,56.049912163979286,0.2,1.0,incremental,567,87,,
200,49,56.049912163979286,0.2,1.0,top_down,646,105,,
200,49,56.049912163979286,0.2,1.0,bottom_up,369,105,,
200,49,56.049912163979286,0.2,1.0,incremental,548,105,,
500,0,88.6226925452758,0.2,1.0,top_down,1859,238,,
500,0,88.6226925452758,0.2,1.0,bottom_up,1065,238,,
500,0,88.6226925452758,0.2,1.0,incremental,1421,238,,
500,1,88.6226925452758,0.2,1.0,top_down,1763,258,,
500,1,88.6226925452758,0.2,1.0,bottom_up,1149,258,,
500,1,88.6226925452758,0.2,1.0,incremental,1412,258,,
500,2,88.6226925452758,0.2,1.0,top_down,1803,244,,
500,2,88.6226925452758,0.2,1.0,bottom_up,1181,244,,
500,2,88.6226925452758,0.2,1.0,incremental,1373,244,,
500,3,88.6226925452758,0.2,1.0,top_down,1663,247,,
500,3,88.6226925452758,0.2,1.0,bottom_up,1131,247,,
500,3,88.6226925452758,0.2,1.0,incremental,1237,247,,
500,4,88.6226925452758,0.2,1.0,top_down,1779,268,,
500,4,88.6226925452758,0.2,1.0,bottom_up,1169,268,,
500,4,88.6226925452758,0.2,1.0,incremental,1408,268,,
500,5,88.6226925452758,0.2,1.0,top_down,1619,295,,
500,5,88.6226925452758,0.2,1.0,bottom_up,1130,295,,
500,5,88.6226925452758,0.2,1.0,incremental,1416,295,,
500,6,88.6226925452758,0.2,1.0,top_down,1639,277,,
500,6,88.6226925452758,0.2,1.0,bottom_up,1021,277,,
500,6,88.6226925452758,0.2,1.0,incremental,1272,277,,
500,7,88.6226925452758,0.2,1.0,top_down,1639,289,,
500,7,88.6226925452758,0.2,1.0,bottom_up,969,289,,
500,7,88.6226925452758,0.2,1.0,incremental,1328,289,,
500,8,88.6226925452758,0.2,1.0,top_down,1639,247,,
500,8,88.6226925452758,0.2,1.0,bottom_up,1083,247,,
500,8,88.6226925452758,0.2,1.0,incremental,1326,247,,
500,9,88.6226925452758,0.2,1.0,top_down,1395,252,,
500,9,88.6226925452758,0.2,1.0,bottom_up,1067,252,,
500,9,88.6226925452758,0.2,1.0,incremental,1227,252,,
500,10,88.6226925452758,0.2,1.0,top_down,1847,236,,
500,10,88.6226925452758,0.2,1.0,bottom_up,1142,236,,
500,10,88.6226925452758,0.2,1.0,incremental,1338,236,,
500,11,88.6226925452758,0.2,1.0,top_down,1763,271,,
500,11,88.6226925452758,0.2,1.0,bottom_up,1142,271,,
500,11,88.6226925452758,0.2,1.0,incremental,1627,271,,
500,12,88.6226925452758,0.2,1.0,top_down,1827,248,,
500,12,88.6226925452758,0.2,1.0,bottom_up,1151,248,,
500,12,88.6226925452758,0.2,1.0,incremental,1468,248,,
500,13,88.6226925452758,0.2,1.0,top_down,1663,259,,
500,13,88.6226925452758,0.2,1.0,bottom_up,1083,259,,
500,13,88.6226925452758,0.2,1.0,incremental,1173,259,,
500,14,88.6226925452758,0.2,1.0,top_down,1687,253,,
500,14,88.6226925452758,0.2,1.0,bottom_up,965,253,,
500,14,88.6226925452758,0.2,1.0,incremental,1223,253,,
500,15,88.6226925452758,0.2,1.0,top_down,1719,256,,
500,15,88.6226925452758,0.2,1.0,bottom_up,1119,256,,
500,15,88.6226925452758,0.2,1.0,incremental,1459,256,,
500,16,88.6226925452758,0.2,1.0,top_down,1759,279,,
500,16,88.6226925452758,0.2,1.0,bottom_up,1122,279,,
500,16,88.6226925452758,0.2,1.0,incremental,1273,279,,
500,17,88.6226925452758,0.2,1.0,top_down,1595,268,,
500,17,88.6226925452758,0.2,1.0,bottom_up,976,268,,
500,17,88.6226925452758,0.2,1.0,incremental,1297,268,,
500,18,88.6226925452758,0.2,1.0,top_down,1643,251,,
500,18,88.6226925452758,0.2,1.0,bottom_up,1192,251,,
500,18,88.6226925452758,0.2,1.0,incremental,1339,251,,
500,19,88.6226925452758,0.2,1.0,top_down,1779,249,,
500,19,88.6226925452758,0.2,1.0,bottom_up,1181,249,,
500,19,88.6226925452758,0.2,1.0,incremental,1566,249,,
500,20,88.6226925452758,0.2,1.0,top_down,1543,248,,
500,20,88.6226925452758,0.2,1.0,bottom_up,1203,248,,
500,20,88.6226925452758,0.2,1.0,incremental,1373,248,,
500,21,88.6226925452758,0.2,1.0,top_down,1655,259,,
500,21,88.6226925452758,0.2,1.0,bottom_up,1097,259,,
500,21,88.6226925452758,0.2,1.0,incremental,1433,259,,
500,22,88.6226925452758,0.2,1.0,top_down,1735,266,,
500,22,88.6226925452758,0.2,1.0,bottom_up,1189,266,,
500,22,88.6226925452758,0.2,1.0,incremental,1674,266,,
500,23,88.6226925452758,0.2,1.0,top_down,1571,258,,
500,23,88.6226925452758,0.2,1.0,bottom_up,1014,258,,
500,23,88.6226925452758,0.2,1.0,incremental,1220,258,,
500,24,88.6226925452758,0.2,1.0,top_down,1571,241,,
500,24,88.6226925452758,0.2,1.0,bottom_up,1174,241,,
500,24,88.6226925452758,0.2,1.0,incremental,1313,241,,
500,25,88.6226925452758,0.2,1.0,top_down,1643,281,,
500,25,88.6226925452758,0.2,1.0,bottom_up,1063,281,,
500,25,88.6226925452758,0.2,1.0,incremental,1369,281,,
500,26,88.6226925452758,0.2,1.0,top_down,1859,266,,
500,26,88.6226925452758,0.2,1.0,bottom_up,1093,266,,
500,26,88.6226925452758,0.2,1.0,incremental,1421,266,,
500,27,88.6226925452758,0.2,1.0,top_down,1623,264,,
500,27,88.6226925452758,0.2,1.0,bottom_up,1136,264,,
500,27,88.6226925452758,0.2,1.0,incremental,1222,264,,
500,28,88.6226925452758,0.2,1.0,top_down,1699,271,,
500,28,88.6226925452758,0.2,1.0,bottom_up,1180,271,,
500,28,88.6226925452758,0.2,1.0,incremental,1634,271,,
500,29,88.6226925452758,0.2,1.0,top_down,1703,246,,
500,29,88.6226925452758,0.2,1.0,bottom_up,1044,246,,
500,29,88.6226925452758,0.2,1.0,incremental,1351,246,,
500,30,88.6226925452758,0.2,1.0,top_down,1855,253,,
500,30,88.6226925452758,0.2,1.0,bottom_up,986,253,,
500,30,88.6226925452758,0.2,1.0,incremental,1204,253,,
500,31,88.6226925452758,0.2,1.0,top_down,1699,270,,
500,31,88.6226925452758,0.2,1.0,bottom_up,1252,270,,
500,31,88.6226925452758,0.2,1.0,incremental,1513,270,,
500,32,88.6226925452758,0.2,1.0,top_down,1799,275,,
500,32,88.6226925452758,0.2,1.0,bottom_up,1129,275,,
500,32,88.6226925452758,0.2,1.0,incremental,1593,275,,
500,33,88.6226925452758,0.2,1.0,top_down,1675,258,,
500,33,88.6226925452758,0.2,1.0,bottom_up,1247,258,,
500,33,88.6226925452758,0.2,1.0,incremental,1472,258,,
500,34,88.6226925452758,0.2,1.0,top_down,1627,239,,
500,34,88.6226925452758,0.2,1.0,bottom_up,1114,239,,
500,34,88.6226925452758,0.2,1.0,incremental,1210,239,,
500,35,88.6226925452758,0.2,1.0,top_down,1603,280,,
500,35,88.6226925452758,0.2,1.0,bottom_up,1113,280,,
500,35,88.6226925452758,0.2,1.0,incremental,1470,280,,
500,36,88.6226925452758,0.2,1.0,top_down,1687,269,,
500,36,88.6226925452758,0.2,1.0,bottom_up,1149,269,,
500,36,88.6226925452758,0.2,1.0,incremental,1457,269,,
500,37,88.6226925452758,0.2,1.0,top_down,1647,247,,
500,37,88.6226925452758,0.2,1.0,bottom_up,1171,247,,
500,37,88.6226925452758,0.2,1.0,incremental,1205,247,,
500,38,88.6226925452758,0.2,1.0,top_down,1731,270,,
500,38,88.6226925452758,0.2,1.0,bottom_up,1110,270,,
500,38,88.6226925452758,0.2,1.0,incremental,1607,270,,
500,39,88.6226925452758,0.2,1.0,top_down,1807,246,,
500,39,88.6226925452758,0.2,1.0,bottom_up,1122,246,,
500,39,88.6226925452758,0.2,1.0,incremental,1221,246,,
500,40,88.6226925452758,0.2,1.0,top_down,1571,263,,
500,40,88.6226925452758,0.2,1.0,bottom_up,1201,263,,
500,40,88.6226925452758,0.2,1.0,incremental,1274,263,,
500,41,88.6226925452758,0.2,1.0,top_down,1775,267,,
500,41,88.6226925452758,0.2,1.0,bottom_up,1188,267,,
500,41,88.6226925452758,0.2,1.0,incremental,1277,267,,
500,42,88.6226925452758,0.2,1.0,top_down,1687,245,,
500,42,88.6226925452758,0.2,1.0,bottom_up,1036,245,,
500,42,88.6226925452758,0.2,1.0,incremental,1278,245,,
500,43,88.6226925452758,0.2,1.0,top_down,1767,247,,
500,43,88.6226925452758,0.2,1.0,bottom_up,1098,247,,
500,43,88.6226925452758,0.2,1.0,incremental,1537,247,,
500,44,88.6226925452758,0.2,1.0,top_down,1703,278,,
500,44,88.6226925452758,0.2,1.0,bottom_up,1173,278,,
500,44,88.6226925452758,0.2,1.0,incremental,1514,278,,
500,45,88.6226925452758,0.2,1.0,top_down,1815,255,,
500,45,88.6226925452758,0.2,1.0,bottom_up,1171,255,,
500,45,88.6226925452758,0.2,1.0,incremental,1476,255,,
500,46,88.6226925452758,0.2,1.0,top_down,1631,235,,
500,46,88.6226925452758,0.2,1.0,bottom_up,1084,235,,
500,46,88.6226925452758,0.2,1.0,incremental,1317,235,,
500,47,88.6226925452758,0.2,1.0,top_down,1671,259,,
500,47,88.6226925452758,0.2,1.0,bottom_up,1119,259,,
500,47,88.6226925452758,0.2,1.0,incremental,1511,259,,
500,48,88.6226925452758,0.2,1.0,top_down,1811,274,,
500,48,88.6226925452758,0.2,1.0,bottom_up,1081,274,,
500,48,88.6226925452758,0.2,1.0,incremental,1228,274,,
500,49,88.6226925452758,0.2,1.0,top_down,1703,271,,
500,49,88.6226925452758,0.2,1.0,bottom_up,1167,271,,
500,49,88.6226925452758,0.2,1.0,incremental,1240,271,,
1000,0,125.33141373155001,0.2,1.0,top_down,3579,518,,
1000,0,125.33141373155001,0.2,1.0,bottom_up,2368,518,,
1000,0,125.33141373155001,0.2,1.0,incremental,3044,518,,
1000,1,125.33141373155001,0.2,1.0,top_down,3515,503,,
1000,1,125.33141373155001,0.2,1.0,bottom_up,2245,503,,
1000,1,125.33141373155001,0.2,1.0,incremental,2847,503,,
1000,2,125.33141373155001,0.2,1.0,top_down,3559,489,,
1000,2,125.33141373155001,0.2,1.0,bottom_up,2487,489,,
1000,2,125.33141373155001,0.2,1.0,incremental,3046,489,,
1000,3,125.33141373155001,0.2,1.0,top_down,3535,502,,
1000,3,125.33141373155001,0.2,1.0,bottom_up,2252,502,,
1000,3,125.33141373155001,0.2,1.0,incremental,3189,502,,
1000,4,125.33141373155001,0.2,1.0,top_down,3571,497,,
1000,4,125.33141373155001,0.2,1.0,bottom_up,2228,497,,
1000,4,125.33141373155001,0.2,1.0,incremental,2931,497,,
1000,5,125.33141373155001,0.2,1.0,top_down,3551,493,,
1000,5,125.33141373155001,0.2,1.0,bottom_up,2347,493,,
1000,5,125.33141373155001,0.2,1.0,incremental,2746,493,,
1000,6,125.33141373155001,0.2,1.0,top_down,3603,490,,
1000,6,125.33141373155001,0.2,1.0,bottom_up,2419,490,,
1000,6,125.33141373155001,0.2,1.0,incremental,2718,490,,
1000,7,125.33141373155001,0.2,1.0,top_down,3471,521,,
1000,7,125.33141373155001,0.2,1.0,bottom_up,2219,521,,
1000,7,125.33141373155001,0.2,1.0,incremental,2916,521,,
1000,8,125.33141373155001,0.2,1.0,top_down,3579,528,,
1000,8,125.33141373155001,0.2,1.0,bottom_up,2287,528,,
1000,8,125.33141373155001,0.2,1.0,incremental,3095,528,,
1000,9,125.33141373155001,0.2,1.0,top_down,3423,517,,
1000,9,125.33141373155001,0.2,1.0,bottom_up,2245,517,,
1000,9,125.33141373155001,0.2,1.0,incremental,2807,517,,
1000,10,125.33141373155001,0.2,1.0,top_down,3631,538,,
1000,10,125.33141373155001,0.2,1.0,bottom_up,2277,538,,
1000,10,125.33141373155001,0.2,1.0,incremental,2823,538,,
1000,11,125.33141373155001,0.2,1.0,top_down,3627,491,,
1000,11,125.33141373155001,0.2,1.0,bottom_up,2253,491,,
1000,11,125.33141373155001,0.2,1.0,incremental,2642,491,,
1000,12,125.33141373155001,0.2,1.0,top_down,3407,501,,
1000,12,125.33141373155001,0.2,1.0,bottom_up,2422,501,,
1000,12,125.33141373155001,0.2,1.0,incremental,3343,501,,
1000,13,125.33141373155001,0.2,1.0,top_down,3631,464,,
1000,13,125.33141373155001,0.2,1.0,bottom_up,2320,464,,
1000,13,125.33141373155001,0.2,1.0,incremental,2988,464,,
1000,14,125.33141373155001,0.2,1.0,top_down,3583,521,,
1000,14,125.33141373155001,0.2,1.0,bottom_up,2511,521,,
1000,14,125.33141373155001,0.2,1.0,incremental,3054,521,,
1000,15,125.33141373155001,0.2,1.0,top_down,3455,528,,
1000,15,125.33141373155001,0.2,1.0,bottom_up,2312,528,,
1000,15,125.33141373155001,0.2,1.0,incremental,2934,528,,
1000,16,125.33141373155001,0.2,1.0,top_down,3375,495,,
1000,16,125.33141373155001,0.2,1.0,bottom_up,2314,495,,
1000,16,125.33141373155001,0.2,1.0,incremental,2803,495,,
1000,17,125.33141373155001,0.2,1.0,top_down,3583,501,,
1000,17,125.33141373155001,0.2,1.0,bottom_up,2388,501,,
1000,17,125.33141373155001,0.2,1.0,incremental,3810,501,,
1000,18,125.33141373155001,0.2,1.0,top_down,3379,486,,
1000,18,125.33141373155001,0.2,1.0,bottom_up,2344,486,,
1000,18,125.33141373155001,0.2,1.0,incremental,3027,486,,
1000,19,125.33141373155001,0.2,1.0,top_down,3431,524,,
1000,19,125.33141373155001,0.2,1.0,bottom_up,2065,524,,
1000,19,125.33141373155001,0.2,1.0,incremental,2520,524,,
1000,20,125.33141373155001,0.2,1.0,top_down,3811,518,,
1000,20,125.33141373155001,0.2,1.0,bottom_up,2265,518,,
1000,20,125.33141373155001,0.2,1.0,incremental,3144,518,,
1000,21,125.33141373155001,0.2,1.0,top_down,3607,510,,
1000,21,125.33141373155001,0.2,1.0,bottom_up,2296,510,,
1000,21,125.33141373155001,0.2,1.0,incremental,2656,510,,
1000,22,125.33141373155001,0.2,1.0,top_down,3811,500,,
1000,22,125.33141373155001,0.2,1.0,bottom_up,2218,500,,
1000,22,125.33141373155001,0.2,1.0,incremental,2723,500,,
1000,23,125.33141373155001,0.2,1.0,top_down,3538,502,,
1000,23,125.33141373155001,0.2,1.0,bottom_up,2305,502,,
1000,23,125.33141373155001,0.2,1.0,incremental,2526,502,,
1000,24,125.33141373155001,0.2,1.0,top_down,3635,511,,
1000,24,125.33141373155001,0.2,1.0,bottom_up,2376,511,,
1000,24,125.33141373155001,0.2,1.0,incremental,2957,511,,
1000,25,125.33141373155001,0.2,1.0,top_down,3503,497,,
1000,25,125.33141373155001,0.2,1.0,bottom_up,2313,497,,
1000,25,125.33141373155001,0.2,1.0,incremental,3003,497,,
1000,26,125.33141373155001,0.2,1.0,top_down,3715,517,,
1000,26,125.33141373155001,0.2,1.0,bottom_up,2285,517,,
1000,26,125.33141373155001,0.2,1.0,incremental,2746,517,,
1000,27,125.33141373155001,0.2,1.0,top_down,3319,504,,
1000,27,125.33141373155001,0.2,1.0,bottom_up,2259,504,,
1000,27,125.33141373155001,0.2,1.0,incremental,2816,504,,
1000,28,125.33141373155001,0.2,1.0,top_down,3603,532,,
1000,28,125.33141373155001,0.2,1.0,bottom_up,2437,532,,
1000,28,125.33141373155001,0.2,1.0,incremental,2698,532,,
1000,29,125.33141373155001,0.2,1.0,top_down,3479,545,,
1000,29,125.33141373155001,0.2,1.0,bottom_up,2286,545,,
1000,29,125.33141373155001,0.2,1.0,incremental,2972,545,,
1000,30,125.33141373155001,0.2,1.0,top_down,3459,491,,
1000,30,125.33141373155001,0.2,1.0,bottom_up,2213,491,,
1000,30,125.33141373155001,0.2,1.0,incremental,2709,491,,
1000,31,125.33141373155001,0.2,1.0,top_down,3610,532,,
1000,31,125.33141373155001,0.2,1.0,bottom_up,2288,532,,
1000,31,125.33141373155001,0.2,1.0,incremental,3014,532,,
1000,32,125.33141373155001,0.2,1.0,top_down,3475,565,,
1000,32,125.33141373155001,0.2,1.0,bottom_up,2269,565,,
1000,32,125.33141373155001,0.2,1.0,incremental,2762,565,,
1000,33,125.33141373155001,0.2,1.0,top_down,3567,515,,
1000,33,125.33141373155001,0.2,1.0,bottom_up,2195,515,,
1000,33,125.33141373155001,0.2,1.0,incremental,2964,515,,
1000,34,125.33141373155001,0.2,1.0,top_down,3667,502,,
1000,34,125.33141373155001,0.2,1.0,bottom_up,2344,502,,
1000,34,125.33141373155001,0.2,1.0,incremental,3207,502,,
1000,35,125.33141373155001,0.2,1.0,top_down,3691,542,,
1000,35,125.33141373155001,0.2,1.0,bottom_up,2502,542,,
1000,35,125.33141373155001,0.2,1.0,incremental,2795,542,,
1000,36,125.33141373155001,0.2,1.0,top_down,3411,497,,
1000,36,125.33141373155001,0.2,1.0,bottom_up,2321,497,,
1000,36,125.33141373155001,0.2,1.0,incremental,2514,497,,
1000,37,125.33141373155001,0.2,1.0,top_down,3503,587,,
1000,37,125.33141373155001,0.2,1.0,bottom_up,2399,587,,
1000,37,125.33141373155001,0.2,1.0,incremental,3019,587,,
1000,38,125.33141373155001,0.2,1.0,top_down,3583,543,,
1000,38,125.33141373155001,0.2,1.0,bottom_up,2360,543,,
1000,38,125.33141373155001,0.2,1.0,incremental,2806,543,,
1000,39,125.33141373155001,0.2,1.0,top_down,3495,524,,
1000,39,125.33141373155001,0.2,1.0,bottom_up,2227,524,,
1000,39,125.33141373155001,0.2,1.0,incremental,2744,524,,
1000,40,125.33141373155001,0.2,1.0,top_down,3695,521,,
1000,40,125.33141373155001,0.2,1.0,bottom_up,2378,521,,
1000,40,125.33141373155001,0.2,1.0,incremental,3001,521,,
1000,41,125.33141373155001,0.2,1.0,top_down,3631,545,,
1000,41,125.33141373155001,0.2,1.0,bottom_up,2236,545,,
1000,41,125.33141373155001,0.2,1.0,incremental,2792,545,,
1000,42,125.33141373155001,0.2,1.0,top_down,3403,508,,
1000,42,125.33141373155001,0.2,1.0,bottom_up,2437,508,,
1000,42,125.33141373155001,0.2,1.0,incremental,2875,508,,
1000,43,125.33141373155001,0.2,1.0,top_down,3407,522,,
1000,43,125.33141373155001,0.2,1.0,bottom_up,2369,522,,
1000,43,125.33141373155001,0.2,1.0,incremental,2905,522,,
1000,44,125.33141373155001,0.2,1.0,top_down,3427,530,,
1000,44,125.33141373155001,0.2,1.0,bottom_up,2433,530,,
1000,44,125.33141373155001,0.2,1.0,incremental,2759,530,,
1000,45,125.33141373155001,0.2,1.0,top_down,3410,541,,
1000,45,125.33141373155001,0.2,1.0,bottom_up,2257,541,,
1000,45,125.33141373155001,0.2,1.0,incremental,2988,541,,
1000,46,125.33141373155001,0.2,1.0,top_down,3563,503,,
1000,46,125.33141373155001,0.2,1.0,bottom_up,2138,503,,
1000,46,125.33141373155001,0.2,1.0,incremental,2817,503,,
1000,47,125.33141373155001,0.2,1.0,top_down,3503,497,,
1000,47,125.33141373155001,0.2,1.0,bottom_up,2283,497,,
1000,47,125.33141373155001,0.2,1.0,incremental,2637,497,,
1000,48,125.33141373155001,0.2,1.0,top_down,3451,518,,
1000,48,125.33141373155001,0.2,1.0,bottom_up,2249,518,,
1000,48,125.33141373155001,0.2,1.0,incremental,3582,518,,
1000,49,125.33141373155001,0.2,1.0,top_down,3611,505,,
1000,49,125.33141373155001,0.2,1.0,bottom_up,2271,505,,
1000,49,125.33141373155001,0.2,1.0,incremental,2611,505,,
